"table","op","type","mode","n","impl","median_us","itr_sec","n_itr","speedup_none","speedup_base","flag","rsimd_version","timestamp","machine"
"main","sum","double","fast",1000,"avx2",1.52760185301304,547505.522390533,200,2.570720926688,1.4166285627191,FALSE,"0.1.0","2026-10-07T06:57:38Z","linux-x86-64"
"main","sum","double","fast",1000,"sse2",1.60303898155689,532591.373876101,200,2.44974582425563,1.34996368917938,FALSE,"0.1.0","2026-10-07T06:57:38Z","linux-x86-64"
"main","sum","double","fast",1000,"none",3.92703805118799,246235.057144741,200,1,0.55106275753713,FALSE,"0.1.0","2026-10-07T06:57:38Z","linux-x86-64"
"main","sum","double","fast",1000,"base",2.16404441744089,407993.726253124,200,1.81467534563452,1,FALSE,"0.1.0","2026-10-07T06:57:38Z","linux-x86-64"
"main","sum","integer","fast",1000,"avx2",1.44308432936668,628539.464530055,200,1.35410616327848,0.625121006776379,FALSE,"0.1.0","2026-10-07T06:57:38Z","linux-x86-64"
"main","sum","integer","fast",1000,"sse2",1.51258427649736,611811.077283581,200,1.29188793965982,0.596398060494112,FALSE,"0.1.0","2026-10-07T06:57:38Z","linux-x86-64"
"main","sum","integer","fast",1000,"none",1.95408938452601,486250.970358277,200,1,0.461648446575914,FALSE,"0.1.0","2026-10-07T06:57:38Z","linux-x86-64"
"main","sum","integer","fast",1000,"base",0.902102328836918,1036707.39610067,200,2.16615047102852,1,FALSE,"0.1.0","2026-10-07T06:57:38Z","linux-x86-64"
"main","mean","double","fast",1000,"avx2",1.57312024384737,533235.578443958,200,2.52179382816547,4.69385036631392,FALSE,"0.1.0","2026-10-07T06:57:38Z","linux-x86-64"
"main","mean","double","fast",1000,"sse2",1.66310928761959,566138.503445299,200,2.38534229315414,4.43987120257595,FALSE,"0.1.0","2026-10-07T06:57:38Z","linux-x86-64"
"main","mean","double","fast",1000,"none",3.96708492189646,238775.674438703,200,1,1.86131408281245,FALSE,"0.1.0","2026-10-07T06:57:38Z","linux-x86-64"
"main","mean","double","fast",1000,"base",7.38399103283882,132619.292533215,200,0.537254840133695,1,FALSE,"0.1.0","2026-10-07T06:57:38Z","linux-x86-64"
"main","dot","double","fast",1000,"avx2",2.15403269976377,376372.915753386,200,1.80246446522186,2.76995622331514,FALSE,"0.1.0","2026-10-07T06:57:38Z","linux-x86-64"
"main","dot","double","fast",1000,"sse2",2.29512806981802,392432.374775315,200,1.69165609941669,2.59967030180066,FALSE,"0.1.0","2026-10-07T06:57:38Z","linux-x86-64"
"main","dot","double","fast",1000,"none",3.8825673982501,247900.251336406,200,1,1.53676051692603,FALSE,"0.1.0","2026-10-07T06:57:38Z","linux-x86-64"
"main","dot","double","fast",1000,"base",5.96657628193498,163416.907900269,200,0.650719477098678,1,FALSE,"0.1.0","2026-10-07T06:57:38Z","linux-x86-64"
"main","dot","double","fast",1000,"blas",1.29308318719268,620696.56500726,200,3.00256583389602,4.61422462300248,FALSE,"0.1.0","2026-10-07T06:57:38Z","linux-x86-64"
"main","add","double","fast",1000,"avx2",2.31957528740168,353232.797277578,200,2.76025094102886,1.71932245922208,FALSE,"0.1.0","2026-10-07T06:57:38Z","linux-x86-64"
"main","add","double","fast",1000,"sse2",5.62105560675263,163019.319018142,200,1.13904047882861,0.709492694342905,FALSE,"0.1.0","2026-10-07T06:57:38Z","linux-x86-64"
"main","add","double","fast",1000,"none",6.40260986983776,143412.209680932,200,1,0.622886286774065,FALSE,"0.1.0","2026-10-07T06:57:38Z","linux-x86-64"
"main","add","double","fast",1000,"base",3.98809788748622,211943.033818618,200,1.60542946799971,1,FALSE,"0.1.0","2026-10-07T06:57:38Z","linux-x86-64"
"main","add","integer","fast",1000,"avx2",2.34396429732442,341973.216087514,200,1.39340435570786,0.731083463706573,FALSE,"0.1.0","2026-10-07T06:57:38Z","linux-x86-64"
"main","add","integer","fast",1000,"sse2",4.04758611693978,222837.100869837,200,0.806922933114745,0.423371730158045,FALSE,"0.1.0","2026-10-07T06:57:38Z","linux-x86-64"
"main","add","integer","fast",1000,"none",3.26609006151557,268034.785875551,200,1,0.524674306285755,FALSE,"0.1.0","2026-10-07T06:57:38Z","linux-x86-64"
"main","add","integer","fast",1000,"base",1.71363353729248,557165.671587578,200,1.90594429347826,1,FALSE,"0.1.0","2026-10-07T06:57:38Z","linux-x86-64"
"main","fma","double","fast",1000,"avx2",2.73610930889845,301614.619326271,200,2.13483385099775,0.607794749606433,FALSE,"0.1.0","2026-10-07T06:57:38Z","linux-x86-64"
"main","fma","double","fast",1000,"sse2",4.33804234489799,217395.095741884,200,1.3464918754277,0.383351000308613,FALSE,"0.1.0","2026-10-07T06:57:38Z","linux-x86-64"
"main","fma","double","fast",1000,"none",5.84113877266645,162967.066495528,200,1,0.284703537618336,FALSE,"0.1.0","2026-10-07T06:57:38Z","linux-x86-64"
"main","fma","double","fast",1000,"base",1.66299287229776,573597.078171727,200,3.51242562128106,1,FALSE,"0.1.0","2026-10-07T06:57:38Z","linux-x86-64"
"main","pmax","double","fast",1000,"avx2",6.2121544033289,136736.369190371,200,0.63546156440913,1.42399085491548,FALSE,"0.1.0","2026-10-07T06:57:38Z","linux-x86-64"
"main","pmax","double","fast",1000,"sse2",3.17051308229566,291171.293478154,200,1.24509353944445,2.79010079127577,FALSE,"0.1.0","2026-10-07T06:57:38Z","linux-x86-64"
"main","pmax","double","fast",1000,"none",3.94758535549045,234292.168158688,200,1,2.2408764505522,FALSE,"0.1.0","2026-10-07T06:57:38Z","linux-x86-64"
"main","pmax","double","fast",1000,"base",8.8460510596633,93120.0819376236,200,0.446253964493927,1,FALSE,"0.1.0","2026-10-07T06:57:38Z","linux-x86-64"
"main","exp","double","fast",1000,"avx2",3.28605528920889,276658.34727103,200,2.05200694370638,1.84766358451128,FALSE,"0.1.0","2026-10-07T06:57:38Z","linux-x86-64"
"main","exp","double","fast",1000,"sse2",5.9865415096283,154354.267159801,200,1.12636123210952,1.014195706285,FALSE,"0.1.0","2026-10-07T06:57:38Z","linux-x86-64"
"main","exp","double","fast",1000,"none",6.74300827085972,116490.487706261,200,1,0.90041780325265,FALSE,"0.1.0","2026-10-07T06:57:38Z","linux-x86-64"
"main","exp","double","fast",1000,"base",6.07152469456196,158098.638510048,200,1.11059554396595,1,FALSE,"0.1.0","2026-10-07T06:57:38Z","linux-x86-64"
"main","any_na","double","fast",1000,"avx2",1.17206946015358,701816.983855227,200,1.1791319030592,0.342173222089789,FALSE,"0.1.0","2026-10-07T06:57:38Z","linux-x86-64"
"main","any_na","double","fast",1000,"sse2",1.17195304483175,792034.104012665,200,1.17924903148902,0.342207211681732,FALSE,"0.1.0","2026-10-07T06:57:38Z","linux-x86-64"
"main","any_na","double","fast",1000,"none",1.38202449306846,588935.577704608,200,1,0.290190793075854,FALSE,"0.1.0","2026-10-07T06:57:38Z","linux-x86-64"
"main","any_na","double","fast",1000,"base",0.40105078369379,2442647.00553083,200,3.44600870827286,1,FALSE,"0.1.0","2026-10-07T06:57:38Z","linux-x86-64"
"main","any_na","integer","fast",1000,"avx2",1.02201011031866,892345.774881989,200,1.74518737897255,0.402209818885978,FALSE,"0.1.0","2026-10-07T06:57:38Z","linux-x86-64"
"main","any_na","integer","fast",1000,"sse2",1.11153349280357,818948.905112273,200,1.60462924172602,0.369815668202765,FALSE,"0.1.0","2026-10-07T06:57:38Z","linux-x86-64"
"main","any_na","integer","fast",1000,"none",1.78359914571047,523880.317257993,200,1,0.230467985118465,FALSE,"0.1.0","2026-10-07T06:57:38Z","linux-x86-64"
"main","any_na","integer","fast",1000,"base",0.411062501370907,2344478.44973935,200,4.33899745114698,1,FALSE,"0.1.0","2026-10-07T06:57:38Z","linux-x86-64"
"main","is_na","double","fast",1000,"avx2",1.64401717483997,473357.959817169,200,1.2585327857244,0.487891233536326,FALSE,"0.1.0","2026-10-07T06:57:38Z","linux-x86-64"
"main","is_na","double","fast",1000,"sse2",1.58313196152449,536856.483981993,200,1.30693433340687,0.506654901095669,FALSE,"0.1.0","2026-10-07T06:57:38Z","linux-x86-64"
"main","is_na","double","fast",1000,"none",2.06904951483011,354909.338029135,200,1,0.387666685421707,FALSE,"0.1.0","2026-10-07T06:57:38Z","linux-x86-64"
"main","is_na","double","fast",1000,"base",0.802101567387581,1167675.47781264,200,2.57953555878084,1,FALSE,"0.1.0","2026-10-07T06:57:38Z","linux-x86-64"
"main","which","logical","fast",1000,"avx2",2.47504794970155,343843.300408452,200,1.26669175231062,1.16161426118859,FALSE,"0.1.0","2026-10-07T06:57:38Z","linux-x86-64"
"main","which","logical","fast",1000,"sse2",2.44402326643467,357959.879517871,200,1.28277126798133,1.17635991235591,FALSE,"0.1.0","2026-10-07T06:57:38Z","linux-x86-64"
"main","which","logical","fast",1000,"none",3.13512282446027,294543.214241873,200,1,0.917045728820482,FALSE,"0.1.0","2026-10-07T06:57:38Z","linux-x86-64"
"main","which","logical","fast",1000,"base",2.8750509954989,332680.151817942,200,1.09045816208775,1,FALSE,"0.1.0","2026-10-07T06:57:38Z","linux-x86-64"
"main","count","logical","fast",1000,"avx2",1.44308432936668,533527.031331132,200,1.79134398192965,0.645893836721523,FALSE,"0.1.0","2026-10-07T06:57:38Z","linux-x86-64"
"main","count","logical","fast",1000,"sse2",1.4530960470438,610036.822074553,200,1.77900176253805,0.641443678897613,FALSE,"0.1.0","2026-10-07T06:57:38Z","linux-x86-64"
"main","count","logical","fast",1000,"none",2.585060428828,357415.049493415,200,1,0.360563824277769,FALSE,"0.1.0","2026-10-07T06:57:38Z","linux-x86-64"
"main","count","logical","fast",1000,"base",0.932079274207354,1035533.23640958,200,2.77343408480609,1,FALSE,"0.1.0","2026-10-07T06:57:38Z","linux-x86-64"
"main","max_abs","double","fast",1000,"avx2",1.75309833139181,477665.869457206,200,1.32565243376054,1,FALSE,"0.1.0","2026-10-07T06:57:38Z","linux-x86-64"
"main","max_abs","double","fast",1000,"sse2",2.24407995119691,398848.048972784,200,1.03561331154515,0.781210281949524,FALSE,"0.1.0","2026-10-07T06:57:38Z","linux-x86-64"
"main","max_abs","double","fast",1000,"none",2.3239990696311,411635.356919085,200,1,0.754345539247608,FALSE,"0.1.0","2026-10-07T06:57:38Z","linux-x86-64"
"main","max_abs","double","fast",1000,"base",1.75309833139181,554541.551843736,200,1.32565243376054,1,FALSE,"0.1.0","2026-10-07T06:57:38Z","linux-x86-64"
"main","which_max_abs","double","fast",1000,"avx2",1.40315387398005,572091.549464151,200,1.61354019746121,1.34982991786277,FALSE,"0.1.0","2026-10-07T06:57:38Z","linux-x86-64"
"main","which_max_abs","double","fast",1000,"sse2",1.65309756994247,549802.437134669,200,1.36957746478873,1.14573943661972,FALSE,"0.1.0","2026-10-07T06:57:38Z","linux-x86-64"
"main","which_max_abs","double","fast",1000,"none",2.26404517889023,401704.126617731,200,1,0.836564171122995,FALSE,"0.1.0","2026-10-07T06:57:38Z","linux-x86-64"
"main","which_max_abs","double","fast",1000,"base",1.89401907846332,463658.759236474,200,1.19536556132641,1,FALSE,"0.1.0","2026-10-07T06:57:38Z","linux-x86-64"
"main","as_integer","double","fast",1000,"avx2",4.21714503318071,186998.022679813,199,2.51000690131125,0.282677708764665,FALSE,"0.1.0","2026-10-07T06:57:38Z","linux-x86-64"
"main","as_integer","double","fast",1000,"sse2",6.00097700953484,155071.767128452,200,1.76388996663304,0.198649802126174,FALSE,"0.1.0","2026-10-07T06:57:38Z","linux-x86-64"
"main","as_integer","double","fast",1000,"none",10.585063137114,88429.8910543682,200,1,0.112620291448996,FALSE,"0.1.0","2026-10-07T06:57:38Z","linux-x86-64"
"main","as_integer","double","fast",1000,"base",1.19209289550781,791243.619870406,200,8.87939453125,1,FALSE,"0.1.0","2026-10-07T06:57:38Z","linux-x86-64"
"main","hamming","double","fast",1000,"avx2",3.18605452775955,265441.483442923,200,1.25639432914353,0.776819643379129,FALSE,"0.1.0","2026-10-07T06:57:38Z","linux-x86-64"
"main","hamming","double","fast",1000,"sse2",3.09606548398733,307802.97564253,200,1.29291220154164,0.799398383154728,FALSE,"0.1.0","2026-10-07T06:57:38Z","linux-x86-64"
"main","hamming","double","fast",1000,"none",4.00294084101915,232282.845105237,200,1,0.618292860258834,FALSE,"0.1.0","2026-10-07T06:57:38Z","linux-x86-64"
"main","hamming","double","fast",1000,"base",2.47498974204063,392031.280226914,200,1.61735653809972,1,FALSE,"0.1.0","2026-10-07T06:57:38Z","linux-x86-64"
"main","hamming","integer","fast",1000,"avx2",3.00508690997958,299954.381165655,200,1.23011215061886,0.816975613535553,FALSE,"0.1.0","2026-10-07T06:57:38Z","linux-x86-64"
"main","hamming","integer","fast",1000,"sse2",3.1011295504868,300325.679002548,200,1.19201531617771,0.791673705351277,FALSE,"0.1.0","2026-10-07T06:57:38Z","linux-x86-64"
"main","hamming","integer","fast",1000,"none",3.69659392163157,255979.722675596,200,1,0.664147259357236,FALSE,"0.1.0","2026-10-07T06:57:38Z","linux-x86-64"
"main","hamming","integer","fast",1000,"base",2.45508272200823,381357.072895694,200,1.50569017023093,1,FALSE,"0.1.0","2026-10-07T06:57:38Z","linux-x86-64"
"main","is_whole","double","fast",1000,"avx2",1.78307527676225,449187.539160405,200,2.86534129859955,2.0173016028466,FALSE,"0.1.0","2026-10-07T06:57:38Z","linux-x86-64"
"main","is_whole","double","fast",1000,"sse2",2.435059286654,377225.116709026,200,2.09814983028159,1.47717167853899,FALSE,"0.1.0","2026-10-07T06:57:38Z","linux-x86-64"
"main","is_whole","double","fast",1000,"none",5.10911922901869,184719.805275027,200,1,0.704035363547292,FALSE,"0.1.0","2026-10-07T06:57:38Z","linux-x86-64"
"main","is_whole","double","fast",1000,"base",3.59700061380863,265658.453469444,200,1.42038319632339,1,FALSE,"0.1.0","2026-10-07T06:57:38Z","linux-x86-64"
"main","is_pow2","double","fast",1000,"avx2",1.85309909284115,442529.214981196,200,2.47047367759769,14.4763161201156,FALSE,"0.1.0","2026-10-07T06:57:38Z","linux-x86-64"
"main","is_pow2","double","fast",1000,"sse2",2.80514359474182,332574.790871198,200,1.6320136122178,9.56316401062417,FALSE,"0.1.0","2026-10-07T06:57:38Z","linux-x86-64"
"main","is_pow2","double","fast",1000,"none",4.57803253084421,196946.697472208,200,1,5.85973299427845,FALSE,"0.1.0","2026-10-07T06:57:38Z","linux-x86-64"
"main","is_pow2","double","fast",1000,"base",26.8260482698679,30136.3252558713,200,0.170656239964589,1,FALSE,"0.1.0","2026-10-07T06:57:38Z","linux-x86-64"
"main","recip_approx","double","fast",1000,"avx2",5.49509422853589,158600.746573925,200,0.54160266935014,0.295545786769769,FALSE,"0.1.0","2026-10-07T06:57:38Z","linux-x86-64"
"main","recip_approx","double","fast",1000,"sse2",2.7951318770647,329582.861253767,200,1.06476468138276,0.581028738025823,FALSE,"0.1.0","2026-10-07T06:57:38Z","linux-x86-64"
"main","recip_approx","double","fast",1000,"none",2.97615770250559,319784.621816439,200,1,0.54568746332877,FALSE,"0.1.0","2026-10-07T06:57:38Z","linux-x86-64"
"main","recip_approx","double","fast",1000,"base",1.62405194714665,602518.715187445,200,1.83255080463066,1,FALSE,"0.1.0","2026-10-07T06:57:38Z","linux-x86-64"
"main","rsqrt","double","fast",1000,"avx2",2.56404746323824,334292.420999951,200,2.8388876276958,5.05041997729852,FALSE,"0.1.0","2026-10-07T06:57:38Z","linux-x86-64"
"main","rsqrt","double","fast",1000,"sse2",3.59711702913046,261537.48652341,200,2.02357681478365,3.59997087284378,FALSE,"0.1.0","2026-10-07T06:57:38Z","linux-x86-64"
"main","rsqrt","double","fast",1000,"none",7.27904262021184,130491.542017685,200,1,1.77901369819197,FALSE,"0.1.0","2026-10-07T06:57:38Z","linux-x86-64"
"main","rsqrt","double","fast",1000,"base",12.94951653108,73330.000808002,200,0.562109218729632,1,FALSE,"0.1.0","2026-10-07T06:57:38Z","linux-x86-64"
"main","rsqrt_approx","double","fast",1000,"avx2",2.65607377514243,333400.010945229,200,2.14266616992834,3.69266507418203,FALSE,"0.1.0","2026-10-07T06:57:38Z","linux-x86-64"
"main","rsqrt_approx","double","fast",1000,"sse2",3.2160896807909,291914.157281759,200,1.76956490262796,3.04966336060233,FALSE,"0.1.0","2026-10-07T06:57:38Z","linux-x86-64"
"main","rsqrt_approx","double","fast",1000,"none",5.69107942283154,168588.397850452,200,1,1.72339729165814,FALSE,"0.1.0","2026-10-07T06:57:38Z","linux-x86-64"
"main","rsqrt_approx","double","fast",1000,"base",9.80799086391926,99239.9375049353,200,0.580249258160237,1,FALSE,"0.1.0","2026-10-07T06:57:38Z","linux-x86-64"
"main","rootn","double","fast",1000,"avx2",24.1505913436413,38924.4454538394,200,3.3110960607755,0.805656248192353,FALSE,"0.1.0","2026-10-07T06:57:38Z","linux-x86-64"
"main","rootn","double","fast",1000,"sse2",61.366125009954,15790.2300703394,199,1.30307931045603,0.317065397405958,FALSE,"0.1.0","2026-10-07T06:57:38Z","linux-x86-64"
"main","rootn","double","fast",1000,"none",79.9649278633296,12222.7188307536,200,1,0.243320107119954,FALSE,"0.1.0","2026-10-07T06:57:38Z","linux-x86-64"
"main","rootn","double","fast",1000,"base",19.4570748135448,50396.7341024888,200,4.10981242707991,1,FALSE,"0.1.0","2026-10-07T06:57:38Z","linux-x86-64"
"main","mul","complex","fast",1000,"avx2",6.4425403252244,128849.611588213,200,2.13675213675214,0.315715292459478,FALSE,"0.1.0","2026-10-07T06:57:38Z","linux-x86-64"
"main","mul","complex","fast",1000,"sse2",6.48206332698464,145203.520037351,200,2.12372374529683,0.313790285647579,FALSE,"0.1.0","2026-10-07T06:57:38Z","linux-x86-64"
"main","mul","complex","fast",1000,"none",13.766111806035,69604.4763163165,199,1,0.147754756871036,FALSE,"0.1.0","2026-10-07T06:57:38Z","linux-x86-64"
"main","mul","complex","fast",1000,"base",2.03400850296021,473678.238344683,200,6.76797161172161,1,FALSE,"0.1.0","2026-10-07T06:57:38Z","linux-x86-64"
"main","div","complex","fast",1000,"avx2",8.23504524305463,110024.056795901,200,2.48068590654311,1.47030966164111,FALSE,"0.1.0","2026-10-07T06:57:38Z","linux-x86-64"
"main","div","complex","fast",1000,"sse2",10.9000829979777,78861.0739325903,200,1.87416560754451,1.11082333842424,FALSE,"0.1.0","2026-10-07T06:57:38Z","linux-x86-64"
"main","div","complex","fast",1000,"none",20.4285606741905,46240.9039815659,200,1,0.592702872122179,FALSE,"0.1.0","2026-10-07T06:57:38Z","linux-x86-64"
"main","div","complex","fast",1000,"base",12.1080665849149,76646.7530104714,200,1.68718602023893,1,FALSE,"0.1.0","2026-10-07T06:57:38Z","linux-x86-64"
"main","prod","complex","fast",1000,"avx2",2.50013545155525,344446.09886761,200,6.2513037809648,2.0817191283293,FALSE,"0.1.0","2026-10-07T06:57:38Z","linux-x86-64"
"main","prod","complex","fast",1000,"sse2",3.93704976886511,239942.575131369,200,3.96975073183713,1.32194920015376,FALSE,"0.1.0","2026-10-07T06:57:38Z","linux-x86-64"
"main","prod","complex","fast",1000,"none",15.6291062012315,62106.6893462646,200,1,0.333005593915965,FALSE,"0.1.0","2026-10-07T06:57:38Z","linux-x86-64"
"main","prod","complex","fast",1000,"base",5.20457979291677,185148.270989729,200,3.002952557765,1,FALSE,"0.1.0","2026-10-07T06:57:38Z","linux-x86-64"
"main","abs","complex","fast",1000,"avx2",5.84102235734463,158518.590819895,200,1.67060629011042,1.10973811137242,FALSE,"0.1.0","2026-10-07T06:57:38Z","linux-x86-64"
"main","abs","complex","fast",1000,"sse2",20.3080708160996,47913.1761568387,200,0.480501017512683,0.319183696867207,FALSE,"0.1.0","2026-10-07T06:57:38Z","linux-x86-64"
"main","abs","complex","fast",1000,"none",9.7580486908555,97502.5545466531,200,1,0.664272676298302,FALSE,"0.1.0","2026-10-07T06:57:38Z","linux-x86-64"
"main","abs","complex","fast",1000,"base",6.48200511932373,144174.437157342,200,1.5054058908046,1,FALSE,"0.1.0","2026-10-07T06:57:38Z","linux-x86-64"
"main","pow_int","complex","fast",1000,"avx2",5.28013333678246,160281.010613986,200,5.36039333274539,2.31113854837287,FALSE,"0.1.0","2026-10-07T06:57:38Z","linux-x86-64"
"main","pow_int","complex","fast",1000,"sse2",6.53252936899662,149486.397060647,200,4.33271554335816,1.86805431799551,FALSE,"0.1.0","2026-10-07T06:57:38Z","linux-x86-64"
"main","pow_int","complex","fast",1000,"none",28.3035915344954,34085.6015093013,200,1,0.431150925857374,FALSE,"0.1.0","2026-10-07T06:57:38Z","linux-x86-64"
"main","pow_int","complex","fast",1000,"base",12.2031196951866,78214.0312943187,200,2.31937342593299,1,FALSE,"0.1.0","2026-10-07T06:57:38Z","linux-x86-64"
"main","sum_narm","double","fast",1000,"avx2",1.62306241691113,521448.106534056,200,2.49063979342992,1.33642949361641,FALSE,"0.1.0","2026-10-07T06:57:38Z","linux-x86-64"
"main","sum_narm","double","fast",1000,"sse2",1.75402965396643,531407.544250532,200,2.30467246299861,1.23664299462401,FALSE,"0.1.0","2026-10-07T06:57:38Z","linux-x86-64"
"main","sum_narm","double","fast",1000,"none",4.0424638427794,215540.232672309,200,1,0.5365808002995,FALSE,"0.1.0","2026-10-07T06:57:38Z","linux-x86-64"
"main","sum_narm","double","fast",1000,"base",2.16910848394036,435826.897370863,200,1.86365222058232,1,FALSE,"0.1.0","2026-10-07T06:57:38Z","linux-x86-64"
"main","min","double","fast",1000,"avx2",1.61811476573348,528883.93815274,200,1.49249973020612,0.594553760926652,FALSE,"0.1.0","2026-10-07T06:57:38Z","linux-x86-64"
"main","min","double","fast",1000,"sse2",1.78406480699778,480537.231961396,200,1.3536704730832,0.539249592169657,FALSE,"0.1.0","2026-10-07T06:57:38Z","linux-x86-64"
"main","min","double","fast",1000,"none",2.41503585129976,364761.34774187,200,1,0.398361050855628,FALSE,"0.1.0","2026-10-07T06:57:38Z","linux-x86-64"
"main","min","double","fast",1000,"base",0.962056219577789,992364.235336523,200,2.51028557599226,1,FALSE,"0.1.0","2026-10-07T06:57:38Z","linux-x86-64"
"main","min","integer","fast",1000,"avx2",1.48313120007515,611606.122088619,200,1.51675824175824,0.60149136577708,FALSE,"0.1.0","2026-10-07T06:57:38Z","linux-x86-64"
"main","min","integer","fast",1000,"sse2",1.71305146068335,512251.008006145,200,1.31318382602786,0.520761128100578,FALSE,"0.1.0","2026-10-07T06:57:38Z","linux-x86-64"
"main","min","integer","fast",1000,"none",2.24955147132277,407484.711118891,200,1,0.396563769503454,FALSE,"0.1.0","2026-10-07T06:57:38Z","linux-x86-64"
"main","min","integer","fast",1000,"base",0.892090611159801,958858.580342691,200,2.52166253425551,1,FALSE,"0.1.0","2026-10-07T06:57:38Z","linux-x86-64"
"main","is_finite_all","double","fast",1000,"avx2",1.11211556941271,632560.981441668,200,2.01790013608291,1.90086883701455,FALSE,"0.1.0","2026-10-07T06:57:38Z","linux-x86-64"
"main","is_finite_all","double","fast",1000,"sse2",1.1820811778307,781905.761160106,200,1.89846365964152,1.78835926728383,FALSE,"0.1.0","2026-10-07T06:57:38Z","linux-x86-64"
"main","is_finite_all","double","fast",1000,"none",2.24413815885782,426431.433845659,200,1,0.942003423769259,FALSE,"0.1.0","2026-10-07T06:57:38Z","linux-x86-64"
"main","is_finite_all","double","fast",1000,"base",2.11398582905531,457902.481061404,200,1.06156726691998,1,FALSE,"0.1.0","2026-10-07T06:57:38Z","linux-x86-64"
"main","bit_and","raw","fast",1000,"avx2",2.57958890870214,331251.060406732,200,1.4370557573843,0.652842024505269,FALSE,"0.1.0","2026-10-07T06:57:38Z","linux-x86-64"
"main","bit_and","raw","fast",1000,"sse2",2.51515302807093,379443.318047261,200,1.47387178893775,0.669567229807915,FALSE,"0.1.0","2026-10-07T06:57:38Z","linux-x86-64"
"main","bit_and","raw","fast",1000,"none",3.70701309293509,255368.489785629,200,1,0.454291367019439,FALSE,"0.1.0","2026-10-07T06:57:38Z","linux-x86-64"
"main","bit_and","raw","fast",1000,"base",1.68406404554844,583754.021715271,200,2.2012304714503,1,FALSE,"0.1.0","2026-10-07T06:57:38Z","linux-x86-64"
"main","popcount_total","raw","fast",1000,"avx2",1.66305107995868,445639.577661199,200,2.05740086101292,10.4946274194113,FALSE,"0.1.0","2026-10-07T06:57:38Z","linux-x86-64"
"main","popcount_total","raw","fast",1000,"sse2",1.75298191606998,537329.993313037,200,1.95185283570195,9.95623588790012,FALSE,"0.1.0","2026-10-07T06:57:38Z","linux-x86-64"
"main","popcount_total","raw","fast",1000,"none",3.42156272381544,272043.475095244,200,1,5.10091524616379,FALSE,"0.1.0","2026-10-07T06:57:38Z","linux-x86-64"
"main","popcount_total","raw","fast",1000,"base",17.4531014636159,55961.1093517719,200,0.196043249444708,1,FALSE,"0.1.0","2026-10-07T06:57:38Z","linux-x86-64"
"na","sum","double","fast",1000,"avx2",1.56310852617025,585511.552319502,200,2.5961867878156,1.39085424890147,FALSE,"0.1.0","2026-10-07T06:57:38Z","linux-x86-64"
"na","sum","double","fast",1000,"sse2",1.68406404554844,554565.180594977,200,2.40971934190516,1.2909581086686,FALSE,"0.1.0","2026-10-07T06:57:38Z","linux-x86-64"
"na","sum","double","fast",1000,"none",4.05812170356512,234652.659298681,200,1,0.535729653747956,FALSE,"0.1.0","2026-10-07T06:57:38Z","linux-x86-64"
"na","sum","double","fast",1000,"base",2.17405613511801,456610.367366834,200,1.86661311914324,1,FALSE,"0.1.0","2026-10-07T06:57:38Z","linux-x86-64"
"na","sum","integer","fast",1000,"avx2",1.45303783938289,644704.607609073,200,0.986259664303169,0.25850258382406,FALSE,"0.1.0","2026-10-07T06:57:38Z","linux-x86-64"
"na","sum","integer","fast",1000,"sse2",1.50257255882025,558310.379517458,200,0.953746029286434,0.24998063066553,FALSE,"0.1.0","2026-10-07T06:57:38Z","linux-x86-64"
"na","sum","integer","fast",1000,"none",1.43307261168957,607624.62178793,200,1,0.262103980503656,FALSE,"0.1.0","2026-10-07T06:57:38Z","linux-x86-64"
"na","sum","integer","fast",1000,"base",0.375614035874605,2585919.90270365,200,3.8152797148613,1,FALSE,"0.1.0","2026-10-07T06:57:38Z","linux-x86-64"
"na","any_na","double","fast",1000,"avx2",1.01258046925068,894318.596606665,200,1.04880432283284,0.149114739020464,FALSE,"0.1.0","2026-10-07T06:57:38Z","linux-x86-64"
"na","any_na","double","fast",1000,"sse2",1.03190541267395,900340.705771867,200,1.02916290613718,0.146322202166065,FALSE,"0.1.0","2026-10-07T06:57:38Z","linux-x86-64"
"na","any_na","double","fast",1000,"none",1.06199877336621,864847.177319688,200,1,0.142175938613319,FALSE,"0.1.0","2026-10-07T06:57:38Z","linux-x86-64"
"na","any_na","double","fast",1000,"base",0.150990672409534,6334106.05984633,200,7.03353893600617,1,FALSE,"0.1.0","2026-10-07T06:57:38Z","linux-x86-64"
"na","any_na","integer","fast",1000,"avx2",0.992091372609138,923721.388022931,200,1.03015724008449,0.122037080497536,FALSE,"0.1.0","2026-10-07T06:57:38Z","linux-x86-64"
"na","any_na","integer","fast",1000,"sse2",1.01199839264154,912694.583079215,200,1.0098930173703,0.119636489129184,FALSE,"0.1.0","2026-10-07T06:57:38Z","linux-x86-64"
"na","any_na","integer","fast",1000,"none",1.02201011031866,911742.31057852,200,1,0.118464517598815,FALSE,"0.1.0","2026-10-07T06:57:38Z","linux-x86-64"
"na","any_na","integer","fast",1000,"base",0.121071934700012,7500095.68763042,200,8.44134615384615,1,FALSE,"0.1.0","2026-10-07T06:57:38Z","linux-x86-64"
"na","sum_narm","double","fast",1000,"avx2",1.80810457095504,460272.012221146,200,2.25541641180826,1.20516369957828,FALSE,"0.1.0","2026-10-07T06:57:38Z","linux-x86-64"
"na","sum_narm","double","fast",1000,"sse2",1.79308699443936,526298.077036778,200,2.2743061191365,1.21525726343126,FALSE,"0.1.0","2026-10-07T06:57:38Z","linux-x86-64"
"na","sum_narm","double","fast",1000,"none",4.07802872359753,233643.716241762,200,1,0.53434199257779,FALSE,"0.1.0","2026-10-07T06:57:38Z","linux-x86-64"
"na","sum_narm","double","fast",1000,"base",2.17906199395657,452599.441807334,200,1.87146062613527,1,FALSE,"0.1.0","2026-10-07T06:57:38Z","linux-x86-64"
"na","min","double","fast",1000,"avx2",1.68313272297382,556214.487522797,200,1.53855996680039,0.833586941485683,FALSE,"0.1.0","2026-10-07T06:57:38Z","linux-x86-64"
"na","min","double","fast",1000,"sse2",1.72795262187719,512558.347484984,200,1.49865256349795,0.811965236138247,FALSE,"0.1.0","2026-10-07T06:57:38Z","linux-x86-64"
"na","min","double","fast",1000,"none",2.58960062637925,360262.32631837,200,1,0.541796848659219,FALSE,"0.1.0","2026-10-07T06:57:38Z","linux-x86-64"
"na","min","double","fast",1000,"base",1.40303745865822,703136.272940098,200,1.84571025555924,1,FALSE,"0.1.0","2026-10-07T06:57:38Z","linux-x86-64"
"na","min","integer","fast",1000,"avx2",1.55309680849314,578100.886573925,200,1.4706543737351,0.264672813132449,FALSE,"0.1.0","2026-10-07T06:57:38Z","linux-x86-64"
"na","min","integer","fast",1000,"sse2",1.6635749489069,566652.951581808,200,1.37298810356893,0.247095871238628,FALSE,"0.1.0","2026-10-07T06:57:38Z","linux-x86-64"
"na","min","integer","fast",1000,"none",2.28406861424446,418786.168640478,200,1,0.179969418960245,FALSE,"0.1.0","2026-10-07T06:57:38Z","linux-x86-64"
"na","min","integer","fast",1000,"base",0.411062501370907,2389066.00213599,200,5.55649957519116,1,FALSE,"0.1.0","2026-10-07T06:57:38Z","linux-x86-64"
"main","sum","double","fast",1e+05,"avx2",20.2380470000207,47790.6627961684,200,12.3741957565281,9.18930819961632,FALSE,"0.1.0","2026-10-07T06:57:38Z","linux-x86-64"
"main","sum","double","fast",1e+05,"sse2",24.7865682467818,38240.0324726679,200,10.1034379916868,7.50300119766104,FALSE,"0.1.0","2026-10-07T06:57:38Z","linux-x86-64"
"main","sum","double","fast",1e+05,"none",250.429555308074,3932.54969061586,200,1,0.742618621882428,FALSE,"0.1.0","2026-10-07T06:57:38Z","linux-x86-64"
"main","sum","double","fast",1e+05,"base",185.973651241511,5297.33658125646,200,1.34658621603798,1,FALSE,"0.1.0","2026-10-07T06:57:38Z","linux-x86-64"
"main","sum","integer","fast",1e+05,"avx2",9.49244713410735,99467.3199831888,200,5.99181991550108,6.55167740788207,FALSE,"0.1.0","2026-10-07T06:57:38Z","linux-x86-64"
"main","sum","integer","fast",1e+05,"sse2",15.8300390467048,59093.9290156806,200,3.59298126916656,3.92869854904066,FALSE,"0.1.0","2026-10-07T06:57:38Z","linux-x86-64"
"main","sum","integer","fast",1e+05,"none",56.8770337849855,17142.1973197481,200,1,1.09343696911394,FALSE,"0.1.0","2026-10-07T06:57:38Z","linux-x86-64"
"main","sum","integer","fast",1e+05,"base",62.191451434046,15796.1245651045,200,0.914547457463725,1,FALSE,"0.1.0","2026-10-07T06:57:38Z","linux-x86-64"
"main","mean","double","fast",1e+05,"avx2",17.1021092683077,52109.1368508333,199,14.6232897226798,25.7354226512191,FALSE,"0.1.0","2026-10-07T06:57:38Z","linux-x86-64"
"main","mean","double","fast",1e+05,"sse2",24.4160182774067,39992.2798575836,200,10.2428289436042,18.0262811588122,FALSE,"0.1.0","2026-10-07T06:57:38Z","linux-x86-64"
"main","mean","double","fast",1e+05,"none",250.089098699391,3938.66368716182,200,1,1.75989282434206,FALSE,"0.1.0","2026-10-07T06:57:38Z","linux-x86-64"
"main","mean","double","fast",1e+05,"base",440.130010247231,2256.86860779794,200,0.568216419868553,1,FALSE,"0.1.0","2026-10-07T06:57:38Z","linux-x86-64"
"main","dot","double","fast",1e+05,"avx2",28.9594172500074,32280.9710212569,200,6.81436688850074,17.8601661444086,FALSE,"0.1.0","2026-10-07T06:57:38Z","linux-x86-64"
"main","dot","double","fast",1e+05,"sse2",33.1620685756207,29305.3522471312,200,5.9507775749491,15.5967352383627,FALSE,"0.1.0","2026-10-07T06:57:38Z","linux-x86-64"
"main","dot","double","fast",1e+05,"none",197.340094018728,4968.18404327378,200,1,2.62095752058018,FALSE,"0.1.0","2026-10-07T06:57:38Z","linux-x86-64"
"main","dot","double","fast",1e+05,"base",517.220003530383,2420.76200889663,197,0.381539949483286,1,FALSE,"0.1.0","2026-10-07T06:57:38Z","linux-x86-64"
"main","dot","double","fast",1e+05,"blas",68.8245054334402,13921.0767987898,200,2.86729403685398,7.51505586960714,FALSE,"0.1.0","2026-10-07T06:57:38Z","linux-x86-64"
"main","add","double","fast",1e+05,"avx2",326.59707358107,4580.89971758322,196,1.26367807631403,1.06143048479788,FALSE,"0.1.0","2026-10-07T06:57:38Z","linux-x86-64"
"main","add","double","fast",1e+05,"sse2",334.597600158304,4420.41064524506,196,1.23346240821051,1.03605073670795,FALSE,"0.1.0","2026-10-07T06:57:38Z","linux-x86-64"
"main","add","double","fast",1e+05,"none",412.713561672717,3319.18735585729,196,1,0.839953232308915,FALSE,"0.1.0","2026-10-07T06:57:38Z","linux-x86-64"
"main","add","double","fast",1e+05,"base",346.660090144724,4228.23055522067,196,1.19054247490796,1,FALSE,"0.1.0","2026-10-07T06:57:38Z","linux-x86-64"
"main","add","integer","fast",1e+05,"avx2",45.6906273029745,10170.8790856006,198,6.24635936399226,13.9060715273027,FALSE,"0.1.0","2026-10-07T06:57:38Z","linux-x86-64"
"main","add","integer","fast",1e+05,"sse2",163.757067639381,7824.52105308674,198,1.7428260154799,3.87999822274355,FALSE,"0.1.0","2026-10-07T06:57:38Z","linux-x86-64"
"main","add","integer","fast",1e+05,"none",285.400077700615,4435.34317458748,198,1,2.22626824954478,FALSE,"0.1.0","2026-10-07T06:57:38Z","linux-x86-64"
"main","add","integer","fast",1e+05,"base",635.377131402493,1718.86733440229,198,0.449182168503044,1,FALSE,"0.1.0","2026-10-07T06:57:38Z","linux-x86-64"
"main","fma","double","fast",1e+05,"avx2",332.178024109453,4202.02360417455,196,2.00996762619868,1.17903509425201,FALSE,"0.1.0","2026-10-07T06:57:38Z","linux-x86-64"
"main","fma","double","fast",1e+05,"sse2",513.147038873285,2465.66080171937,196,1.30112233729467,0.763230649882104,FALSE,"0.1.0","2026-10-07T06:57:38Z","linux-x86-64"
"main","fma","double","fast",1e+05,"none",667.667074594647,1780.37058597161,196,1,0.58659407190644,FALSE,"0.1.0","2026-10-07T06:57:38Z","linux-x86-64"
"main","fma","double","fast",1e+05,"base",391.649547964334,3402.75284411562,196,1.7047564029244,1,FALSE,"0.1.0","2026-10-07T06:57:38Z","linux-x86-64"
"main","pmax","double","fast",1e+05,"avx2",324.840075336397,4340.72410267775,197,1.27754568863102,3.01109428728603,FALSE,"0.1.0","2026-10-07T06:57:38Z","linux-x86-64"
"main","pmax","double","fast",1e+05,"sse2",328.325608279556,4517.93427942026,196,1.26398315353834,2.97912825092264,FALSE,"0.1.0","2026-10-07T06:57:38Z","linux-x86-64"
"main","pmax","double","fast",1e+05,"none",414.998037740588,3302.1538563383,196,1,2.35693667481484,FALSE,"0.1.0","2026-10-07T06:57:38Z","linux-x86-64"
"main","pmax","double","fast",1e+05,"base",978.124095126987,1145.66369520784,196,0.42427953652109,1,FALSE,"0.1.0","2026-10-07T06:57:38Z","linux-x86-64"
"main","exp","double","fast",1e+05,"avx2",464.210053905845,2736.44586805878,195,1.70319851818191,1.83376166823907,FALSE,"0.1.0","2026-10-07T06:57:38Z","linux-x86-64"
"main","exp","double","fast",1e+05,"sse2",743.784592486918,1578.19444059799,196,1.06299845939802,1.14448539464563,TRUE,"0.1.0","2026-10-07T06:57:38Z","linux-x86-64"
"main","exp","double","fast",1e+05,"none",790.641875937581,1472.85023504231,197,1,1.07665762309171,FALSE,"0.1.0","2026-10-07T06:57:38Z","linux-x86-64"
"main","exp","double","fast",1e+05,"base",851.250602863729,1358.04682582466,196,0.928800371215889,1,FALSE,"0.1.0","2026-10-07T06:57:38Z","linux-x86-64"
"main","any_na","double","fast",1e+05,"avx2",18.4800010174513,47883.5602974701,200,1.79174383590984,1.69908404832999,FALSE,"0.1.0","2026-10-07T06:57:38Z","linux-x86-64"
"main","any_na","double","fast",1e+05,"sse2",17.2930886037648,55293.0199433271,200,1.91472030643603,1.81570080749126,FALSE,"0.1.0","2026-10-07T06:57:38Z","linux-x86-64"
"main","any_na","double","fast",1e+05,"none",33.1114279106259,29387.4872053125,200,1,0.948285136679265,FALSE,"0.1.0","2026-10-07T06:57:38Z","linux-x86-64"
"main","any_na","double","fast",1e+05,"base",31.3990749418736,31024.5238701579,200,1.05453514066648,1,FALSE,"0.1.0","2026-10-07T06:57:38Z","linux-x86-64"
"main","any_na","integer","fast",1e+05,"avx2",7.80506525188684,121370.790971273,200,8.10992616899098,3.97409948542024,FALSE,"0.1.0","2026-10-07T06:57:38Z","linux-x86-64"
"main","any_na","integer","fast",1e+05,"sse2",8.85204644873738,107924.136820202,200,7.15071970120399,3.50406044306503,FALSE,"0.1.0","2026-10-07T06:57:38Z","linux-x86-64"
"main","any_na","integer","fast",1e+05,"none",63.2985029369593,15417.1343261439,200,1,0.490029058540084,FALSE,"0.1.0","2026-10-07T06:57:38Z","linux-x86-64"
"main","any_na","integer","fast",1e+05,"base",31.0181058011949,31481.21448487,200,2.04069530688495,1,FALSE,"0.1.0","2026-10-07T06:57:38Z","linux-x86-64"
"main","is_na","double","fast",1e+05,"avx2",39.1585635952652,10312.6932873358,198,4.90237818827212,4.47472942701404,FALSE,"0.1.0","2026-10-07T06:57:38Z","linux-x86-64"
"main","is_na","double","fast",1e+05,"sse2",151.023617945611,8930.8400941809,198,1.27112626928743,1.1602422139194,FALSE,"0.1.0","2026-10-07T06:57:38Z","linux-x86-64"
"main","is_na","double","fast",1e+05,"none",191.970088053495,7036.91234646806,198,1,0.912767080621985,FALSE,"0.1.0","2026-10-07T06:57:38Z","linux-x86-64"
"main","is_na","double","fast",1e+05,"base",175.223976839334,6456.39612377015,198,1.09556974745252,1,FALSE,"0.1.0","2026-10-07T06:57:38Z","linux-x86-64"
"main","which","logical","fast",1e+05,"avx2",105.397077277303,7403.28900207992,199,1.72168013837681,4.03975130170077,FALSE,"0.1.0","2026-10-07T06:57:38Z","linux-x86-64"
"main","which","logical","fast",1e+05,"sse2",115.275965072215,7093.22145103832,199,1.57413606971429,3.69355381114972,FALSE,"0.1.0","2026-10-07T06:57:38Z","linux-x86-64"
"main","which","logical","fast",1e+05,"none",181.460054591298,5003.02436724771,199,1,2.34640059535648,FALSE,"0.1.0","2026-10-07T06:57:38Z","linux-x86-64"
"main","which","logical","fast",1e+05,"base",425.777980126441,2241.69477986577,197,0.42618468558992,1,FALSE,"0.1.0","2026-10-07T06:57:38Z","linux-x86-64"
"main","count","logical","fast",1e+05,"avx2",10.920106433332,85675.6126251906,200,11.506396383911,5.69107597838022,FALSE,"0.1.0","2026-10-07T06:57:38Z","linux-x86-64"
"main","count","logical","fast",1e+05,"sse2",16.4411030709743,58763.6297564869,200,7.64249653043306,3.7799869714221,FALSE,"0.1.0","2026-10-07T06:57:38Z","linux-x86-64"
"main","count","logical","fast",1e+05,"none",125.651073176414,8182.52004561213,200,1,0.494601071308292,FALSE,"0.1.0","2026-10-07T06:57:38Z","linux-x86-64"
"main","count","logical","fast",1e+05,"base",62.1471554040909,15832.2379552983,200,2.02183144762476,1,FALSE,"0.1.0","2026-10-07T06:57:38Z","linux-x86-64"
"main","max_abs","double","fast",1e+05,"avx2",17.3180596902966,49413.2198281747,200,4.09994555024502,6.55374056372302,FALSE,"0.1.0","2026-10-07T06:57:38Z","linux-x86-64"
"main","max_abs","double","fast",1e+05,"sse2",26.3690599240363,36937.7399632968,200,2.69266716260096,4.3042137491529,FALSE,"0.1.0","2026-10-07T06:57:38Z","linux-x86-64"
"main","max_abs","double","fast",1e+05,"none",71.0031017661095,13857.3105609151,200,1,1.5984945369168,FALSE,"0.1.0","2026-10-07T06:57:38Z","linux-x86-64"
"main","max_abs","double","fast",1e+05,"base",113.498070277274,7111.46473762838,196,0.625588625362971,1,FALSE,"0.1.0","2026-10-07T06:57:38Z","linux-x86-64"
"main","which_max_abs","double","fast",1e+05,"avx2",15.7150207087398,58588.1331799572,200,4.51689371884052,7.0577779259358,FALSE,"0.1.0","2026-10-07T06:57:38Z","linux-x86-64"
"main","which_max_abs","double","fast",1e+05,"sse2",25.829067453742,37664.3826793558,200,2.74818587461126,4.29412043088295,FALSE,"0.1.0","2026-10-07T06:57:38Z","linux-x86-64"
"main","which_max_abs","double","fast",1e+05,"none",70.9830783307552,13775.2929867966,200,1,1.56252911076852,FALSE,"0.1.0","2026-10-07T06:57:38Z","linux-x86-64"
"main","which_max_abs","double","fast",1e+05,"base",110.913126263767,7197.54889211628,196,0.639988076451359,1,FALSE,"0.1.0","2026-10-07T06:57:38Z","linux-x86-64"
"main","as_integer","double","fast",1e+05,"avx2",46.1965682916343,19426.2365704446,198,41.3713206434566,2.03731741029747,FALSE,"0.1.0","2026-10-07T06:57:38Z","linux-x86-64"
"main","as_integer","double","fast",1e+05,"sse2",294.231984298676,3330.26817152523,198,6.49559919182839,0.319873697962775,FALSE,"0.1.0","2026-10-07T06:57:38Z","linux-x86-64"
"main","as_integer","double","fast",1e+05,"none",1911.21303942055,522.959129129841,103,1,0.049244679130631,FALSE,"0.1.0","2026-10-07T06:57:38Z","linux-x86-64"
"main","as_integer","double","fast",1e+05,"base",94.1170728765428,10436.7744335824,198,20.3067624290394,1,FALSE,"0.1.0","2026-10-07T06:57:38Z","linux-x86-64"
"main","hamming","double","fast",1e+05,"avx2",29.0294992737472,29854.6911486961,200,4.42000469198333,6.13648458162146,FALSE,"0.1.0","2026-10-07T06:57:38Z","linux-x86-64"
"main","hamming","double","fast",1e+05,"sse2",35.6920645572245,26959.4324051581,200,3.59493138286162,4.99099945367222,FALSE,"0.1.0","2026-10-07T06:57:38Z","linux-x86-64"
"main","hamming","double","fast",1e+05,"none",128.310522995889,7659.14077419354,200,1,1.38834345419392,FALSE,"0.1.0","2026-10-07T06:57:38Z","linux-x86-64"
"main","hamming","double","fast",1e+05,"base",178.139074705541,4985.42685927218,198,0.720282864430406,1,FALSE,"0.1.0","2026-10-07T06:57:38Z","linux-x86-64"
"main","hamming","integer","fast",1e+05,"avx2",18.0939678102732,52874.2178457138,200,4.61187317437237,17.2402783318106,FALSE,"0.1.0","2026-10-07T06:57:38Z","linux-x86-64"
"main","hamming","integer","fast",1e+05,"sse2",27.4115591309965,35561.069531114,200,3.04422978508346,11.380054658153,FALSE,"0.1.0","2026-10-07T06:57:38Z","linux-x86-64"
"main","hamming","integer","fast",1e+05,"none",83.447084762156,11690.8581379778,200,1,3.73823773550687,FALSE,"0.1.0","2026-10-07T06:57:38Z","linux-x86-64"
"main","hamming","integer","fast",1e+05,"base",311.945041175932,3819.95236991026,198,0.267505726161209,1,FALSE,"0.1.0","2026-10-07T06:57:38Z","linux-x86-64"
"main","is_whole","double","fast",1e+05,"avx2",147.852580994368,8994.83552307504,198,6.58266878942777,2.74713868180945,FALSE,"0.1.0","2026-10-07T06:57:38Z","linux-x86-64"
"main","is_whole","double","fast",1e+05,"sse2",239.303568378091,5342.66350051922,198,4.06707086293942,1.69730667707076,FALSE,"0.1.0","2026-10-07T06:57:38Z","linux-x86-64"
"main","is_whole","double","fast",1e+05,"none",973.264570347965,1090.30302656295,198,1,0.417329014976653,FALSE,"0.1.0","2026-10-07T06:57:38Z","linux-x86-64"
"main","is_whole","double","fast",1e+05,"base",406.171544454992,1823.99487551674,194,2.39619092877102,1,FALSE,"0.1.0","2026-10-07T06:57:38Z","linux-x86-64"
"main","is_pow2","double","fast",1e+05,"avx2",43.391075450927,21903.5077626351,198,19.3264981159107,60.8901379429689,FALSE,"0.1.0","2026-10-07T06:57:38Z","linux-x86-64"
"main","is_pow2","double","fast",1e+05,"sse2",135.192996822298,7241.73646980686,197,6.20296581672765,19.5430875252627,FALSE,"0.1.0","2026-10-07T06:57:38Z","linux-x86-64"
"main","is_pow2","double","fast",1e+05,"none",838.597537949681,1189.11369693064,198,1,3.15060377610988,FALSE,"0.1.0","2026-10-07T06:57:38Z","linux-x86-64"
"main","is_pow2","double","fast",1e+05,"base",2642.08856970072,360.875867346567,58,0.31739947992912,1,FALSE,"0.1.0","2026-10-07T06:57:38Z","linux-x86-64"
"main","recip_approx","double","fast",1e+05,"avx2",72.8020677343011,13116.4023938476,192,5.89109719923565,5.80330447018941,FALSE,"0.1.0","2026-10-07T06:57:38Z","linux-x86-64"
"main","recip_approx","double","fast",1e+05,"sse2",121.838063932955,5045.99831419807,195,3.5201154998992,3.46765658845326,FALSE,"0.1.0","2026-10-07T06:57:38Z","linux-x86-64"
"main","recip_approx","double","fast",1e+05,"none",428.884057328105,3165.85971992533,196,1,0.985097389148896,FALSE,"0.1.0","2026-10-07T06:57:38Z","linux-x86-64"
"main","recip_approx","double","fast",1e+05,"base",422.492565121502,3220.55478530418,196,1.01512805841865,1,FALSE,"0.1.0","2026-10-07T06:57:38Z","linux-x86-64"
"main","rsqrt","double","fast",1e+05,"avx2",393.047055695206,3580.91879654783,196,1.81018799415979,3.17497497592372,FALSE,"0.1.0","2026-10-07T06:57:38Z","linux-x86-64"
"main","rsqrt","double","fast",1e+05,"sse2",495.389045681804,2594.46347417306,196,1.43622283851693,2.51905967051667,FALSE,"0.1.0","2026-10-07T06:57:38Z","linux-x86-64"
"main","rsqrt","double","fast",1e+05,"none",711.489061359316,1673.45491531034,196,1,1.75394764862387,FALSE,"0.1.0","2026-10-07T06:57:38Z","linux-x86-64"
"main","rsqrt","double","fast",1e+05,"base",1247.91456619278,868.796400481932,164,0.570142444550492,1,FALSE,"0.1.0","2026-10-07T06:57:38Z","linux-x86-64"
"main","rsqrt_approx","double","fast",1e+05,"avx2",396.673625800759,3363.10505521382,196,1.82562572259997,3.15133633395898,FALSE,"0.1.0","2026-10-07T06:57:38Z","linux-x86-64"
"main","rsqrt_approx","double","fast",1e+05,"sse2",456.876121461391,2699.11723899692,195,1.5850633042989,2.73608523402512,FALSE,"0.1.0","2026-10-07T06:57:38Z","linux-x86-64"
"main","rsqrt_approx","double","fast",1e+05,"none",724.17757473886,1466.65762692365,196,1,1.72616779822263,FALSE,"0.1.0","2026-10-07T06:57:38Z","linux-x86-64"
"main","rsqrt_approx","double","fast",1e+05,"base",1250.05200970918,865.244700878732,163,0.579317955664371,1,FALSE,"0.1.0","2026-10-07T06:57:38Z","linux-x86-64"
"main","rootn","double","fast",1e+05,"avx2",1872.86105938256,554.895321728671,85,4.00945868515891,1.24648676875591,FALSE,"0.1.0","2026-10-07T06:57:38Z","linux-x86-64"
"main","rootn","double","fast",1e+05,"sse2",5368.09407640249,183.377028915361,36,1.39885011956976,0.434883684416172,FALSE,"0.1.0","2026-10-07T06:57:38Z","linux-x86-64"
"main","rootn","double","fast",1e+05,"none",7509.15904063731,133.011403857079,27,1,0.31088654769528,FALSE,"0.1.0","2026-10-07T06:57:38Z","linux-x86-64"
"main","rootn","double","fast",1e+05,"base",2334.49653023854,450.689838054232,86,3.21660749689357,1,FALSE,"0.1.0","2026-10-07T06:57:38Z","linux-x86-64"
"main","mul","complex","fast",1e+05,"avx2",696.791510563344,2097.21602595465,192,1.94244989907514,1.08391185976327,FALSE,"0.1.0","2026-10-07T06:57:38Z","linux-x86-64"
"main","mul","complex","fast",1e+05,"sse2",703.649537172168,2086.22005485601,192,1.9235180695344,1.07334765701292,FALSE,"0.1.0","2026-10-07T06:57:38Z","linux-x86-64"
"main","mul","complex","fast",1e+05,"none",1353.48259937018,884.010336355831,154,1,0.558012775659931,FALSE,"0.1.0","2026-10-07T06:57:38Z","linux-x86-64"
"main","mul","complex","fast",1e+05,"base",755.260582081974,1906.62221366309,192,1.79207366501126,1,FALSE,"0.1.0","2026-10-07T06:57:38Z","linux-x86-64"
"main","div","complex","fast",1e+05,"avx2",891.426578164101,1515.65941347763,192,1.64608681706963,1.34374053190578,FALSE,"0.1.0","2026-10-07T06:57:38Z","linux-x86-64"
"main","div","complex","fast",1e+05,"sse2",1143.39857827872,1094.35578636462,190,1.28333685783517,1.04761895550056,FALSE,"0.1.0","2026-10-07T06:57:38Z","linux-x86-64"
"main","div","complex","fast",1e+05,"none",1467.36553870142,799.369396845238,144,1,0.816324216907291,FALSE,"0.1.0","2026-10-07T06:57:38Z","linux-x86-64"
"main","div","complex","fast",1e+05,"base",1197.84602429718,1047.08689603099,183,1.22500347201334,1,FALSE,"0.1.0","2026-10-07T06:57:38Z","linux-x86-64"
"main","prod","complex","fast",1e+05,"avx2",58.9655828662217,16495.7487491293,200,24.0187646652932,8.48288140127401,FALSE,"0.1.0","2026-10-07T06:57:38Z","linux-x86-64"
"main","prod","complex","fast",1e+05,"sse2",235.130602959543,4195.09423653811,200,6.02337781806866,2.12732005070908,FALSE,"0.1.0","2026-10-07T06:57:38Z","linux-x86-64"
"main","prod","complex","fast",1e+05,"none",1416.28045821562,705.54776887537,142,1,0.353177256178027,FALSE,"0.1.0","2026-10-07T06:57:38Z","linux-x86-64"
"main","prod","complex","fast",1e+05,"base",500.198046211153,2000.91769725855,200,2.83143940473881,1,FALSE,"0.1.0","2026-10-07T06:57:38Z","linux-x86-64"
"main","abs","complex","fast",1e+05,"avx2",746.609584894031,1591.80548215047,196,3.10948614428314,2.84211199256548,FALSE,"0.1.0","2026-10-07T06:57:38Z","linux-x86-64"
"main","abs","complex","fast",1e+05,"sse2",2210.45408397913,478.077914524456,91,1.05026934340921,0.959960249964503,TRUE,"0.1.0","2026-10-07T06:57:38Z","linux-x86-64"
"main","abs","complex","fast",1e+05,"none",2321.57215941697,447.465754020377,85,1,0.914013396647794,FALSE,"0.1.0","2026-10-07T06:57:38Z","linux-x86-64"
"main","abs","complex","fast",1e+05,"base",2121.94805499166,496.302508270124,95,1.09407586767061,1,FALSE,"0.1.0","2026-10-07T06:57:38Z","linux-x86-64"
"main","pow_int","complex","fast",1e+05,"avx2",735.910085495561,1970.82659668669,192,4.18249603589827,1.6099059712775,FALSE,"0.1.0","2026-10-07T06:57:38Z","linux-x86-64"
"main","pow_int","complex","fast",1e+05,"sse2",850.595126394182,1607.65614017993,192,3.6185735373428,1.39284367403441,FALSE,"0.1.0","2026-10-07T06:57:38Z","linux-x86-64"
"main","pow_int","complex","fast",1e+05,"none",3077.94101536274,351.542205196547,67,1,0.384915121845833,FALSE,"0.1.0","2026-10-07T06:57:38Z","linux-x86-64"
"main","pow_int","complex","fast",1e+05,"base",1184.74604096264,1061.17452577321,182,2.59797535416268,1,FALSE,"0.1.0","2026-10-07T06:57:38Z","linux-x86-64"
"main","sum_narm","double","fast",1e+05,"avx2",24.7965799644589,38540.2510425184,200,10.0938868831602,7.55170867742405,FALSE,"0.1.0","2026-10-07T06:57:38Z","linux-x86-64"
"main","sum_narm","double","fast",1e+05,"sse2",28.7690781988204,33687.0907104963,200,8.70010055660204,6.50895196550726,FALSE,"0.1.0","2026-10-07T06:57:38Z","linux-x86-64"
"main","sum_narm","double","fast",1e+05,"none",250.293873250484,3919.00391593366,200,1,0.748146751081856,FALSE,"0.1.0","2026-10-07T06:57:38Z","linux-x86-64"
"main","sum_narm","double","fast",1e+05,"base",187.256548088044,5270.14825659591,200,1.33663615935504,1,FALSE,"0.1.0","2026-10-07T06:57:38Z","linux-x86-64"
"main","min","double","fast",1e+05,"avx2",20.3330419026315,47534.1583367124,200,4.70241527085558,3.28556706048054,FALSE,"0.1.0","2026-10-07T06:57:38Z","linux-x86-64"
"main","min","double","fast",1e+05,"sse2",21.2395680136979,45074.5373600052,200,4.50171146061996,3.14533575596134,FALSE,"0.1.0","2026-10-07T06:57:38Z","linux-x86-64"
"main","min","double","fast",1e+05,"none",95.6144067458808,9700.52746483316,200,1,0.698697769387505,FALSE,"0.1.0","2026-10-07T06:57:38Z","linux-x86-64"
"main","min","double","fast",1e+05,"base",66.8055727146566,14799.4998661316,200,1.43123399531764,1,FALSE,"0.1.0","2026-10-07T06:57:38Z","linux-x86-64"
"main","min","integer","fast",1e+05,"avx2",9.53249400481582,99259.8566221475,200,8.32563336936013,6.51634334145463,FALSE,"0.1.0","2026-10-07T06:57:38Z","linux-x86-64"
"main","min","integer","fast",1e+05,"sse2",20.6280965358019,46587.496021525,200,3.84737632199736,3.01128142036412,FALSE,"0.1.0","2026-10-07T06:57:38Z","linux-x86-64"
"main","min","integer","fast",1e+05,"none",79.3640501797199,12351.2543639065,200,1,0.782684397974571,FALSE,"0.1.0","2026-10-07T06:57:38Z","linux-x86-64"
"main","min","integer","fast",1e+05,"base",62.1170038357377,15787.7641359919,200,1.27765418933583,1,FALSE,"0.1.0","2026-10-07T06:57:38Z","linux-x86-64"
"main","is_finite_all","double","fast",1e+05,"avx2",17.4330780282617,51875.8945949889,200,7.20555729921402,9.50555596364583,FALSE,"0.1.0","2026-10-07T06:57:38Z","linux-x86-64"
"main","is_finite_all","double","fast",1e+05,"sse2",18.9405982382596,50174.2595794138,200,6.63205253889864,8.74898969566406,FALSE,"0.1.0","2026-10-07T06:57:38Z","linux-x86-64"
"main","is_finite_all","double","fast",1e+05,"none",125.615042634308,7800.69495095176,200,1,1.3191978869813,FALSE,"0.1.0","2026-10-07T06:57:38Z","linux-x86-64"
"main","is_finite_all","double","fast",1e+05,"base",165.711098816246,4510.72025116673,198,0.758036387011112,1,FALSE,"0.1.0","2026-10-07T06:57:38Z","linux-x86-64"
"main","bit_and","raw","fast",1e+05,"avx2",9.9490862339735,48042.2391925531,200,12.7542416512602,14.5723011396878,FALSE,"0.1.0","2026-10-07T06:57:38Z","linux-x86-64"
"main","bit_and","raw","fast",1e+05,"sse2",9.41706821322441,70124.8089166555,199,13.4747935518964,15.3955644563121,FALSE,"0.1.0","2026-10-07T06:57:38Z","linux-x86-64"
"main","bit_and","raw","fast",1e+05,"none",126.893050037324,7185.34927077685,200,1,1.14254547923263,FALSE,"0.1.0","2026-10-07T06:57:38Z","linux-x86-64"
"main","bit_and","raw","fast",1e+05,"base",144.981080666184,6539.54057824607,199,0.875238682552607,1,FALSE,"0.1.0","2026-10-07T06:57:38Z","linux-x86-64"
"main","popcount_total","raw","fast",1e+05,"avx2",6.62205275148153,141379.656925413,200,21.2303675966457,250.767180001055,FALSE,"0.1.0","2026-10-07T06:57:38Z","linux-x86-64"
"main","popcount_total","raw","fast",1e+05,"sse2",11.7019517347217,81448.3329845599,200,12.0141167341498,141.907395616749,FALSE,"0.1.0","2026-10-07T06:57:38Z","linux-x86-64"
"main","popcount_total","raw","fast",1e+05,"none",140.588614158332,6986.75938581785,200,1,11.8117210575607,FALSE,"0.1.0","2026-10-07T06:57:38Z","linux-x86-64"
"main","popcount_total","raw","fast",1e+05,"base",1660.59349430725,508.312610400514,84,0.0846616674341373,1,FALSE,"0.1.0","2026-10-07T06:57:38Z","linux-x86-64"
"na","sum","double","fast",1e+05,"avx2",1.93400774151087,442296.229614764,200,6.17531451273099,96.1728766628544,FALSE,"0.1.0","2026-10-07T06:57:38Z","linux-x86-64"
"na","sum","double","fast",1e+05,"sse2",2.3749889805913,403690.226345523,200,5.02869957355032,78.315768834861,FALSE,"0.1.0","2026-10-07T06:57:38Z","linux-x86-64"
"na","sum","double","fast",1e+05,"none",11.9431060738862,80383.2390593274,200,1,15.5737617030817,FALSE,"0.1.0","2026-10-07T06:57:38Z","linux-x86-64"
"na","sum","double","fast",1e+05,"base",185.99908798933,5296.29556849256,200,0.0642105625516361,1,FALSE,"0.1.0","2026-10-07T06:57:38Z","linux-x86-64"
"na","sum","integer","fast",1e+05,"avx2",1.9540311768651,470825.691054326,200,0.666845397676497,0.148942508191838,FALSE,"0.1.0","2026-10-07T06:57:38Z","linux-x86-64"
"na","sum","integer","fast",1e+05,"sse2",1.95391476154327,485278.388479324,200,0.666885128693994,0.148951382268827,FALSE,"0.1.0","2026-10-07T06:57:38Z","linux-x86-64"
"na","sum","integer","fast",1e+05,"none",1.30303669720888,689337.504057613,200,1,0.223353881890467,FALSE,"0.1.0","2026-10-07T06:57:38Z","linux-x86-64"
"na","sum","integer","fast",1e+05,"base",0.291038304567337,3057721.46116771,200,4.4772,1,FALSE,"0.1.0","2026-10-07T06:57:38Z","linux-x86-64"
"na","any_na","double","fast",1e+05,"avx2",0.932137481868267,976444.056036266,200,1.04283751717247,0.14062695141751,FALSE,"0.1.0","2026-10-07T06:57:38Z","linux-x86-64"
"na","any_na","double","fast",1e+05,"sse2",0.952044501900673,953698.590313946,200,1.0210320371729,0.137686475910981,FALSE,"0.1.0","2026-10-07T06:57:38Z","linux-x86-64"
"na","any_na","double","fast",1e+05,"none",0.972067937254906,854161.043098669,200,1,0.134850299401198,FALSE,"0.1.0","2026-10-07T06:57:38Z","linux-x86-64"
"na","any_na","double","fast",1e+05,"base",0.131083652377129,7006643.38605349,200,7.41563055062167,1,FALSE,"0.1.0","2026-10-07T06:57:38Z","linux-x86-64"
"na","any_na","integer","fast",1e+05,"avx2",0.931089743971825,981380.431422236,200,1.05476369092273,0.119279819954989,FALSE,"0.1.0","2026-10-07T06:57:38Z","linux-x86-64"
"na","any_na","integer","fast",1e+05,"sse2",0.942149199545383,963686.965613839,200,1.04238230569628,0.117879649079451,FALSE,"0.1.0","2026-10-07T06:57:38Z","linux-x86-64"
"na","any_na","integer","fast",1e+05,"none",0.982079654932022,934177.462661164,200,1,0.113086770981508,FALSE,"0.1.0","2026-10-07T06:57:38Z","linux-x86-64"
"na","any_na","integer","fast",1e+05,"base",0.111060217022896,8212292.3292399,200,8.84276729559748,1,FALSE,"0.1.0","2026-10-07T06:57:38Z","linux-x86-64"
"na","sum_narm","double","fast",1e+05,"avx2",18.9510174095631,46864.8977388142,200,13.6673956311276,9.81631017028282,FALSE,"0.1.0","2026-10-07T06:57:38Z","linux-x86-64"
"na","sum_narm","double","fast",1e+05,"sse2",28.1929969787598,34350.7638874268,200,9.1870705602537,6.59841396339852,FALSE,"0.1.0","2026-10-07T06:57:38Z","linux-x86-64"
"na","sum_narm","double","fast",1e+05,"none",259.011052548885,3787.0140839002,200,1,0.718228288345301,FALSE,"0.1.0","2026-10-07T06:57:38Z","linux-x86-64"
"na","sum_narm","double","fast",1e+05,"base",186.029064934701,5299.3325927146,200,1.39231497314574,1,FALSE,"0.1.0","2026-10-07T06:57:38Z","linux-x86-64"
"na","min","double","fast",1e+05,"avx2",1.91410072147846,401527.995899615,200,2.98370027977132,54.8020009731176,FALSE,"0.1.0","2026-10-07T06:57:38Z","linux-x86-64"
"na","min","double","fast",1e+05,"sse2",2.22411472350359,356688.049094601,200,2.5678094739597,47.1632818633866,FALSE,"0.1.0","2026-10-07T06:57:38Z","linux-x86-64"
"na","min","double","fast",1e+05,"none",5.71110285818577,154519.377075302,200,1,18.3671266663949,FALSE,"0.1.0","2026-10-07T06:57:38Z","linux-x86-64"
"na","min","double","fast",1e+05,"base",104.896549601108,9331.36060133006,200,0.0544450973831217,1,FALSE,"0.1.0","2026-10-07T06:57:38Z","linux-x86-64"
"na","min","integer","fast",1e+05,"avx2",1.65309756994247,476326.402629741,200,2.92119718309859,0.176056338028169,FALSE,"0.1.0","2026-10-07T06:57:38Z","linux-x86-64"
"na","min","integer","fast",1e+05,"sse2",2.20455694943666,377888.248135895,200,2.19047367587263,0.132016686909225,FALSE,"0.1.0","2026-10-07T06:57:38Z","linux-x86-64"
"na","min","integer","fast",1e+05,"none",4.82902396470308,188538.559161557,200,1,0.0602685566886044,FALSE,"0.1.0","2026-10-07T06:57:38Z","linux-x86-64"
"na","min","integer","fast",1e+05,"base",0.291038304567337,2246266.00332889,200,16.5924,1,FALSE,"0.1.0","2026-10-07T06:57:38Z","linux-x86-64"
"main","sum","double","fast",1e+07,"avx2",3333.44098180532,297.535898309346,149,7.53486147955371,5.63468864330706,FALSE,"0.1.0","2026-10-07T06:57:38Z","linux-x86-64"
"main","sum","double","fast",1e+07,"sse2",3901.38110378757,254.376701287656,128,6.4379806483879,4.81442380111951,FALSE,"0.1.0","2026-10-07T06:57:38Z","linux-x86-64"
"main","sum","double","fast",1e+07,"none",25117.0160481706,39.747079136291,20,1,0.747815823634863,FALSE,"0.1.0","2026-10-07T06:57:38Z","linux-x86-64"
"main","sum","double","fast",1e+07,"base",18782.9020433128,53.2329972338308,27,1.33722765471766,1,FALSE,"0.1.0","2026-10-07T06:57:38Z","linux-x86-64"
"main","sum","integer","fast",1e+07,"avx2",1847.44951548055,537.614088883927,200,2.96871171599582,3.39886154361609,FALSE,"0.1.0","2026-10-07T06:57:38Z","linux-x86-64"
"main","sum","integer","fast",1e+07,"sse2",2126.12206814811,466.835165227763,200,2.57960025131344,2.95336999037329,FALSE,"0.1.0","2026-10-07T06:57:38Z","linux-x86-64"
"main","sum","integer","fast",1e+07,"none",5484.5450213179,182.185108984056,92,1,1.14489444202432,FALSE,"0.1.0","2026-10-07T06:57:38Z","linux-x86-64"
"main","sum","integer","fast",1e+07,"base",6279.22511193901,158.901217939892,80,0.873442968446831,1,FALSE,"0.1.0","2026-10-07T06:57:38Z","linux-x86-64"
"main","mean","double","fast",1e+07,"avx2",3311.56456377357,299.805946383808,150,7.58216820970647,13.2052684648801,FALSE,"0.1.0","2026-10-07T06:57:38Z","linux-x86-64"
"main","mean","double","fast",1e+07,"sse2",3863.17854281515,258.569450461865,130,6.49952863466085,11.3197199194285,FALSE,"0.1.0","2026-10-07T06:57:38Z","linux-x86-64"
"main","mean","double","fast",1e+07,"none",25108.8395598345,39.6870406117158,20,1,1.74162167069508,FALSE,"0.1.0","2026-10-07T06:57:38Z","linux-x86-64"
"main","mean","double","fast",1e+07,"base",43730.0991034135,22.9034079930145,20,0.574177513306264,1,FALSE,"0.1.0","2026-10-07T06:57:38Z","linux-x86-64"
"main","dot","double","fast",1e+07,"avx2",5093.32556976005,195.708983492391,98,3.86371013125806,6.06117431826392,FALSE,"0.1.0","2026-10-07T06:57:38Z","linux-x86-64"
"main","dot","double","fast",1e+07,"sse2",5626.80012080818,176.70787580088,89,3.4973934000078,5.48651693238972,FALSE,"0.1.0","2026-10-07T06:57:38Z","linux-x86-64"
"main","dot","double","fast",1e+07,"none",19679.1336056776,50.7071834311693,26,1,1.5687445777125,FALSE,"0.1.0","2026-10-07T06:57:38Z","linux-x86-64"
"main","dot","double","fast",1e+07,"base",30871.5341379866,32.516878118204,17,0.637452402518053,1,FALSE,"0.1.0","2026-10-07T06:57:38Z","linux-x86-64"
"main","dot","double","fast",1e+07,"blas",13584.4309115782,73.5384863073579,37,1.44865351620323,2.27256734852796,FALSE,"0.1.0","2026-10-07T06:57:38Z","linux-x86-64"
"main","add","double","fast",1e+07,"avx2",11305.6380068883,88.9487396483094,40,1.58310920229361,1.06916611617495,FALSE,"0.1.0","2026-10-07T06:57:38Z","linux-x86-64"
"main","add","double","fast",1e+07,"sse2",11335.6041256338,88.4182769593966,39,1.57892419037741,1.0663397331749,FALSE,"0.1.0","2026-10-07T06:57:38Z","linux-x86-64"
"main","add","double","fast",1e+07,"none",17898.0595665053,56.1591648384748,26,1,0.675358411552368,FALSE,"0.1.0","2026-10-07T06:57:38Z","linux-x86-64"
"main","add","double","fast",1e+07,"base",12087.6050787047,83.0826942052414,37,1.4806952617965,1,FALSE,"0.1.0","2026-10-07T06:57:38Z","linux-x86-64"
"main","add","integer","fast",1e+07,"avx2",6171.31660692394,162.020520346487,74,2.78718889172225,8.76131761650546,FALSE,"0.1.0","2026-10-07T06:57:38Z","linux-x86-64"
"main","add","integer","fast",1e+07,"sse2",7850.46501550823,127.9770084996,60,2.19103264075955,6.88734550099451,FALSE,"0.1.0","2026-10-07T06:57:38Z","linux-x86-64"
"main","add","integer","fast",1e+07,"none",17200.6250941195,58.2971267860742,28,1,3.14342441681148,FALSE,"0.1.0","2026-10-07T06:57:38Z","linux-x86-64"
"main","add","integer","fast",1e+07,"base",54068.8649052754,18.484148595571,19,0.318124397918352,1,FALSE,"0.1.0","2026-10-07T06:57:38Z","linux-x86-64"
"main","fma","double","fast",1e+07,"avx2",13682.6790403575,73.4141838814809,30,3.13778584043718,1.33633567632286,FALSE,"0.1.0","2026-10-07T06:57:38Z","linux-x86-64"
"main","fma","double","fast",1e+07,"sse2",27178.3570060506,36.8869527185816,19,1.5796877104279,0.672765176542279,FALSE,"0.1.0","2026-10-07T06:57:38Z","linux-x86-64"
"main","fma","double","fast",1e+07,"none",42933.3165520802,23.3324889684633,18,1,0.425884921495048,FALSE,"0.1.0","2026-10-07T06:57:38Z","linux-x86-64"
"main","fma","double","fast",1e+07,"base",18284.6521493047,54.6977880250621,25,2.34805213692363,1,FALSE,"0.1.0","2026-10-07T06:57:38Z","linux-x86-64"
"main","pmax","double","fast",1e+07,"avx2",11038.7270106003,90.6000690259499,41,1.60842361139974,6.59087773596877,FALSE,"0.1.0","2026-10-07T06:57:38Z","linux-x86-64"
"main","pmax","double","fast",1e+07,"sse2",11178.398039192,89.4133690693499,40,1.58832679793615,6.50852651985736,FALSE,"0.1.0","2026-10-07T06:57:38Z","linux-x86-64"
"main","pmax","double","fast",1e+07,"none",17754.9491636455,56.6131398618163,25,1,4.09772505778688,FALSE,"0.1.0","2026-10-07T06:57:38Z","linux-x86-64"
"main","pmax","double","fast",1e+07,"base",72754.9000876024,13.7298049507454,19,0.24403784682911,1,FALSE,"0.1.0","2026-10-07T06:57:38Z","linux-x86-64"
"main","exp","double","fast",1e+07,"avx2",22459.6206098795,44.5530182438634,20,2.46794997324165,2.74821795246642,FALSE,"0.1.0","2026-10-07T06:57:38Z","linux-x86-64"
"main","exp","double","fast",1e+07,"sse2",50362.6735880971,19.8905825638934,18,1.10060122178005,1.22558887700203,FALSE,"0.1.0","2026-10-07T06:57:38Z","linux-x86-64"
"main","exp","double","fast",1e+07,"none",55429.2200831696,18.0534741090183,19,1,1.11356307148181,FALSE,"0.1.0","2026-10-07T06:57:38Z","linux-x86-64"
"main","exp","double","fast",1e+07,"base",61723.9325656556,16.1685196630516,18,0.898018285277105,1,FALSE,"0.1.0","2026-10-07T06:57:38Z","linux-x86-64"
"main","any_na","double","fast",1e+07,"avx2",3049.1019715555,326.177178789394,164,1.42791323465648,1.40797343452257,FALSE,"0.1.0","2026-10-07T06:57:38Z","linux-x86-64"
"main","any_na","double","fast",1e+07,"sse2",3638.55215255171,272.906567714654,137,1.19658943350528,1.17987990692667,FALSE,"0.1.0","2026-10-07T06:57:38Z","linux-x86-64"
"main","any_na","double","fast",1e+07,"none",4353.85305900127,228.548619700623,115,1,0.986035706056953,FALSE,"0.1.0","2026-10-07T06:57:38Z","linux-x86-64"
"main","any_na","double","fast",1e+07,"base",4293.05457510054,231.5119630825,116,1.01416205707082,1,FALSE,"0.1.0","2026-10-07T06:57:38Z","linux-x86-64"
"main","any_na","integer","fast",1e+07,"avx2",1246.18655536324,795.783112989772,200,5.04656952704995,2.59434838711847,FALSE,"0.1.0","2026-10-07T06:57:38Z","linux-x86-64"
"main","any_na","integer","fast",1e+07,"sse2",1791.26410512254,555.991999495117,200,3.51091002009737,1.80489413633071,FALSE,"0.1.0","2026-10-07T06:57:38Z","linux-x86-64"
"main","any_na","integer","fast",1e+07,"none",6288.96709531546,158.73146036063,80,1,0.514081570304856,FALSE,"0.1.0","2026-10-07T06:57:38Z","linux-x86-64"
"main","any_na","integer","fast",1e+07,"base",3233.04207995534,308.412083382191,155,1.94521659161403,1,FALSE,"0.1.0","2026-10-07T06:57:38Z","linux-x86-64"
"main","is_na","double","fast",1e+07,"avx2",7089.55305162817,141.344778198833,67,1.32998653487359,1.32756973015411,FALSE,"0.1.0","2026-10-07T06:57:38Z","linux-x86-64"
"main","is_na","double","fast",1e+07,"sse2",7322.79010117054,136.654200836543,62,1.28762534043277,1.28528551298484,FALSE,"0.1.0","2026-10-07T06:57:38Z","linux-x86-64"
"main","is_na","double","fast",1e+07,"none",9429.01009693742,106.261966502904,50,1,0.998182835197121,FALSE,"0.1.0","2026-10-07T06:57:38Z","linux-x86-64"
"main","is_na","double","fast",1e+07,"base",9411.87603166327,106.905866445573,50,1.00182047290216,1,FALSE,"0.1.0","2026-10-07T06:57:38Z","linux-x86-64"
"main","which","logical","fast",1e+07,"avx2",12480.8305990882,78.6177220819805,38,1.46031439363288,3.81392542118357,FALSE,"0.1.0","2026-10-07T06:57:38Z","linux-x86-64"
"main","which","logical","fast",1e+07,"sse2",12757.9891122878,77.1218037425781,39,1.42859007073364,3.73107052219552,FALSE,"0.1.0","2026-10-07T06:57:38Z","linux-x86-64"
"main","which","logical","fast",1e+07,"none",18225.9365683421,54.1311238381498,26,1,2.61171528392289,FALSE,"0.1.0","2026-10-07T06:57:38Z","linux-x86-64"
"main","which","logical","fast",1e+07,"base",47600.9570993483,21.0041079663528,19,0.382890128244746,1,FALSE,"0.1.0","2026-10-07T06:57:38Z","linux-x86-64"
"main","count","logical","fast",1e+07,"avx2",2470.21712129936,402.215778174854,200,5.0695926413321,2.54574791884077,FALSE,"0.1.0","2026-10-07T06:57:38Z","linux-x86-64"
"main","count","logical","fast",1e+07,"sse2",3587.54157787189,275.578785750899,138,3.49068972966729,1.75288563466991,FALSE,"0.1.0","2026-10-07T06:57:38Z","linux-x86-64"
"main","count","logical","fast",1e+07,"none",12522.9945406318,79.8168300190657,40,1,0.502160252104959,FALSE,"0.1.0","2026-10-07T06:57:38Z","linux-x86-64"
"main","count","logical","fast",1e+07,"base",6288.55009563267,158.803854085375,80,1.99139616448772,1,FALSE,"0.1.0","2026-10-07T06:57:38Z","linux-x86-64"
"main","max_abs","double","fast",1e+07,"avx2",3312.32557073236,299.772732360083,150,2.13427205048667,5.03558064518397,FALSE,"0.1.0","2026-10-07T06:57:38Z","linux-x86-64"
"main","max_abs","double","fast",1e+07,"sse2",4039.8896089755,246.063917005233,124,1.74990026262602,4.12869760041726,FALSE,"0.1.0","2026-10-07T06:57:38Z","linux-x86-64"
"main","max_abs","double","fast",1e+07,"none",7069.40388772637,141.026374929005,71,1,2.35939023988799,FALSE,"0.1.0","2026-10-07T06:57:38Z","linux-x86-64"
"main","max_abs","double","fast",1e+07,"base",16679.4825345278,60.0971709230766,28,0.423838321907899,1,FALSE,"0.1.0","2026-10-07T06:57:38Z","linux-x86-64"
"main","which_max_abs","double","fast",1e+07,"avx2",3659.1260577552,271.691221619206,136,2.16468379558842,4.48623436243976,FALSE,"0.1.0","2026-10-07T06:57:38Z","linux-x86-64"
"main","which_max_abs","double","fast",1e+07,"sse2",4565.68505614996,218.276201268676,110,1.73486580564042,3.5954510341637,FALSE,"0.1.0","2026-10-07T06:57:38Z","linux-x86-64"
"main","which_max_abs","double","fast",1e+07,"none",7920.85088323802,125.785610164314,63,1,2.07246636741247,FALSE,"0.1.0","2026-10-07T06:57:38Z","linux-x86-64"
"main","which_max_abs","double","fast",1e+07,"base",16415.6970568001,61.1505307309159,27,0.482516877341912,1,FALSE,"0.1.0","2026-10-07T06:57:38Z","linux-x86-64"
"main","as_integer","double","fast",1e+07,"avx2",7701.28902513534,129.873938278883,61,25.3731671831644,1.62909780423185,FALSE,"0.1.0","2026-10-07T06:57:38Z","linux-x86-64"
"main","as_integer","double","fast",1e+07,"sse2",31948.3091589063,31.3228467261003,19,6.11632036577291,0.39270162869027,FALSE,"0.1.0","2026-10-07T06:57:38Z","linux-x86-64"
"main","as_integer","double","fast",1e+07,"none",195406.093960628,5.11857884370809,19,1,0.0642055362056964,FALSE,"0.1.0","2026-10-07T06:57:38Z","linux-x86-64"
"main","as_integer","double","fast",1e+07,"base",12546.1530406028,79.9929256612815,39,15.5749808987855,1,FALSE,"0.1.0","2026-10-07T06:57:38Z","linux-x86-64"
"main","hamming","double","fast",1e+07,"avx2",5240.97611196339,189.766845199928,95,2.41711283488216,4.00612206112168,FALSE,"0.1.0","2026-10-07T06:57:38Z","linux-x86-64"
"main","hamming","double","fast",1e+07,"sse2",5525.09911358356,180.462818403074,91,2.29281509111627,3.80011101924474,FALSE,"0.1.0","2026-10-07T06:57:38Z","linux-x86-64"
"main","hamming","double","fast",1e+07,"none",12668.0306275375,78.7533830559912,40,1,1.65739968912828,FALSE,"0.1.0","2026-10-07T06:57:38Z","linux-x86-64"
"main","hamming","double","fast",1e+07,"base",20995.9900239483,47.7300233877567,23,0.603354765033143,1,FALSE,"0.1.0","2026-10-07T06:57:38Z","linux-x86-64"
"main","hamming","integer","fast",1e+07,"avx2",2526.76010131836,392.869757058548,197,3.18870303414412,8.43659319196429,FALSE,"0.1.0","2026-10-07T06:57:38Z","linux-x86-64"
"main","hamming","integer","fast",1e+07,"sse2",2847.06009551883,349.43375257068,175,2.82996752134236,7.48745946812365,FALSE,"0.1.0","2026-10-07T06:57:38Z","linux-x86-64"
"main","hamming","integer","fast",1e+07,"none",8057.08760162815,123.936066826196,62,1,2.64577575949425,FALSE,"0.1.0","2026-10-07T06:57:38Z","linux-x86-64"
"main","hamming","integer","fast",1e+07,"base",21317.2470685095,46.9447002733282,22,0.377960980408692,1,FALSE,"0.1.0","2026-10-07T06:57:38Z","linux-x86-64"
"main","is_whole","double","fast",1e+07,"avx2",7466.73403773457,134.430441274689,61,11.7212839812284,5.2080415434306,FALSE,"0.1.0","2026-10-07T06:57:38Z","linux-x86-64"
"main","is_whole","double","fast",1e+07,"sse2",13711.4371173084,72.9866928648122,35,6.3829713340633,2.83610395683327,FALSE,"0.1.0","2026-10-07T06:57:38Z","linux-x86-64"
"main","is_whole","double","fast",1e+07,"none",87519.7100685909,11.4087947936965,19,1,0.444323467614236,FALSE,"0.1.0","2026-10-07T06:57:38Z","linux-x86-64"
"main","is_whole","double","fast",1e+07,"base",38887.0610622689,25.6179817447185,18,2.2506126119546,1,FALSE,"0.1.0","2026-10-07T06:57:38Z","linux-x86-64"
"main","is_pow2","double","fast",1e+07,"avx2",7856.6555166617,127.740386844014,58,11.2100439933483,36.9329280024642,FALSE,"0.1.0","2026-10-07T06:57:38Z","linux-x86-64"
"main","is_pow2","double","fast",1e+07,"sse2",16378.8905483671,61.2824282454226,30,5.37725395516129,17.7160529695315,FALSE,"0.1.0","2026-10-07T06:57:38Z","linux-x86-64"
"main","is_pow2","double","fast",1e+07,"none",88073.4539823607,11.3375025835424,19,1,3.29462828374081,FALSE,"0.1.0","2026-10-07T06:57:38Z","linux-x86-64"
"main","is_pow2","double","fast",1e+07,"base",290169.29253703,3.43830936000743,8,0.303524377828923,1,FALSE,"0.1.0","2026-10-07T06:57:38Z","linux-x86-64"
"main","recip_approx","double","fast",1e+07,"avx2",12140.4010569677,82.9085654879092,39,1.58236333918398,1.57717751477627,FALSE,"0.1.0","2026-10-07T06:57:38Z","linux-x86-64"
"main","recip_approx","double","fast",1e+07,"sse2",16990.4580106959,59.1898874578445,27,1.13066555024254,1.12696005930868,FALSE,"0.1.0","2026-10-07T06:57:38Z","linux-x86-64"
"main","recip_approx","double","fast",1e+07,"none",19210.5255555362,52.2568881992024,24,1,0.996722734735257,FALSE,"0.1.0","2026-10-07T06:57:38Z","linux-x86-64"
"main","recip_approx","double","fast",1e+07,"base",19147.5675674155,52.4541062622328,24,1.00328804104746,1,FALSE,"0.1.0","2026-10-07T06:57:38Z","linux-x86-64"
"main","rsqrt","double","fast",1e+07,"avx2",15461.1050966196,65.0601532200846,30,3.04982507645713,6.52175009281971,FALSE,"0.1.0","2026-10-07T06:57:38Z","linux-x86-64"
"main","rsqrt","double","fast",1e+07,"sse2",25860.8410367742,38.788467721477,19,1.82336165967521,3.899079053755,FALSE,"0.1.0","2026-10-07T06:57:38Z","linux-x86-64"
"main","rsqrt","double","fast",1e+07,"none",47153.6660334095,21.2480069105143,19,1,2.13840136051206,FALSE,"0.1.0","2026-10-07T06:57:38Z","linux-x86-64"
"main","rsqrt","double","fast",1e+07,"base",100833.463598974,9.91525913607698,18,0.467639059002723,1,FALSE,"0.1.0","2026-10-07T06:57:38Z","linux-x86-64"
"main","rsqrt_approx","double","fast",1e+07,"avx2",15280.3015662357,65.9451329690361,30,3.09359575917104,6.6018956916294,FALSE,"0.1.0","2026-10-07T06:57:38Z","linux-x86-64"
"main","rsqrt_approx","double","fast",1e+07,"sse2",21285.4410638101,47.0863597989121,22,2.22081731745426,4.7393406965123,FALSE,"0.1.0","2026-10-07T06:57:38Z","linux-x86-64"
"main","rsqrt_approx","double","fast",1e+07,"none",47271.0761241615,21.2181541236628,19,1,2.13405247665533,FALSE,"0.1.0","2026-10-07T06:57:38Z","linux-x86-64"
"main","rsqrt_approx","double","fast",1e+07,"base",100878.95707693,9.90279716883352,19,0.468592038358534,1,FALSE,"0.1.0","2026-10-07T06:57:38Z","linux-x86-64"
"main","rootn","double","fast",1e+07,"avx2",160510.134068318,6.23118477090367,19,4.49484042335765,1.31459238555961,FALSE,"0.1.0","2026-10-07T06:57:38Z","linux-x86-64"
"main","rootn","double","fast",1e+07,"sse2",529358.592117205,1.88802120665147,19,1.3629087157786,0.398605790466974,FALSE,"0.1.0","2026-10-07T06:57:38Z","linux-x86-64"
"main","rootn","double","fast",1e+07,"none",721467.43896883,1.38588535921941,19,1,0.29246697585264,FALSE,"0.1.0","2026-10-07T06:57:38Z","linux-x86-64"
"main","rootn","double","fast",1e+07,"base",211005.400051363,4.73853173637119,19,3.4191894557827,1,FALSE,"0.1.0","2026-10-07T06:57:38Z","linux-x86-64"
"main","mul","complex","fast",1e+07,"avx2",21732.4291006662,46.1965962088196,20,3.90574809631134,1.25016800862826,FALSE,"0.1.0","2026-10-07T06:57:38Z","linux-x86-64"
"main","mul","complex","fast",1e+07,"sse2",22319.044044707,44.7140832746587,20,3.80309270496188,1.2173096462829,FALSE,"0.1.0","2026-10-07T06:57:38Z","linux-x86-64"
"main","mul","complex","fast",1e+07,"none",84881.3935881481,11.8075847861187,18,1,0.320084136969545,FALSE,"0.1.0","2026-10-07T06:57:38Z","linux-x86-64"
"main","mul","complex","fast",1e+07,"base",27169.1876114346,36.9834919764484,18,3.12417856588484,1,FALSE,"0.1.0","2026-10-07T06:57:38Z","linux-x86-64"
"main","div","complex","fast",1e+07,"avx2",38492.4340760335,26.1163742145374,17,2.50933569007484,1.83044050831766,FALSE,"0.1.0","2026-10-07T06:57:38Z","linux-x86-64"
"main","div","complex","fast",1e+07,"sse2",63605.6315852329,15.743948053828,18,1.51858312255591,1.10773384117888,FALSE,"0.1.0","2026-10-07T06:57:38Z","linux-x86-64"
"main","div","complex","fast",1e+07,"none",96590.438624844,10.3458282519757,18,1,0.729452227359453,FALSE,"0.1.0","2026-10-07T06:57:38Z","linux-x86-64"
"main","div","complex","fast",1e+07,"base",70458.110596519,14.2096426886861,18,1.37089169447039,1,FALSE,"0.1.0","2026-10-07T06:57:38Z","linux-x86-64"
"main","prod","complex","fast",1e+07,"avx2",8311.78855150938,119.828920328803,60,16.9900485547718,5.999020283841,FALSE,"0.1.0","2026-10-07T06:57:38Z","linux-x86-64"
"main","prod","complex","fast",1e+07,"sse2",23631.2696360983,42.2913369907774,22,5.97588251675743,2.11002577869679,FALSE,"0.1.0","2026-10-07T06:57:38Z","linux-x86-64"
"main","prod","complex","fast",1e+07,"none",141217.691067141,7.08071700194276,20,1,0.353090237764867,FALSE,"0.1.0","2026-10-07T06:57:38Z","linux-x86-64"
"main","prod","complex","fast",1e+07,"base",49862.5881155021,20.0506738376169,20,2.83213720755976,1,FALSE,"0.1.0","2026-10-07T06:57:38Z","linux-x86-64"
"main","abs","complex","fast",1e+07,"avx2",50226.3751113787,19.9541346166797,19,4.19273305414401,3.7765192422699,FALSE,"0.1.0","2026-10-07T06:57:38Z","linux-x86-64"
"main","abs","complex","fast",1e+07,"sse2",197091.345093213,5.07511480372738,19,1.06846793815182,0.962400819720824,TRUE,"0.1.0","2026-10-07T06:57:38Z","linux-x86-64"
"main","abs","complex","fast",1e+07,"none",210585.783119313,4.74948216095688,19,1,0.900729713411464,FALSE,"0.1.0","2026-10-07T06:57:38Z","linux-x86-64"
"main","abs","complex","fast",1e+07,"base",189680.872077588,5.27409569946777,18,1.11021096019199,1,FALSE,"0.1.0","2026-10-07T06:57:38Z","linux-x86-64"
"main","pow_int","complex","fast",1e+07,"avx2",24012.1531533077,41.8823183986919,19,10.713511358627,2.87748547999379,FALSE,"0.1.0","2026-10-07T06:57:38Z","linux-x86-64"
"main","pow_int","complex","fast",1e+07,"sse2",36213.4750466794,27.665353627769,18,7.10383290257154,1.90798099196409,FALSE,"0.1.0","2026-10-07T06:57:38Z","linux-x86-64"
"main","pow_int","complex","fast",1e+07,"none",257254.475553054,3.88474690996153,18,1,0.268584722942091,FALSE,"0.1.0","2026-10-07T06:57:38Z","linux-x86-64"
"main","pow_int","complex","fast",1e+07,"base",69094.6220420301,14.2758155701752,18,3.72321995475374,1,FALSE,"0.1.0","2026-10-07T06:57:38Z","linux-x86-64"
"main","sum_narm","double","fast",1e+07,"avx2",3658.90003740788,272.943822522994,137,6.86651118533953,5.16068270049691,FALSE,"0.1.0","2026-10-07T06:57:38Z","linux-x86-64"
"main","sum_narm","double","fast",1e+07,"sse2",3963.11061922461,251.046359270613,126,6.33943395650559,4.76454581769729,FALSE,"0.1.0","2026-10-07T06:57:38Z","linux-x86-64"
"main","sum_narm","double","fast",1e+07,"none",25123.8780329004,39.7724586424809,20,1,0.751572750877522,FALSE,"0.1.0","2026-10-07T06:57:38Z","linux-x86-64"
"main","sum_narm","double","fast",1e+07,"base",18882.4221258983,52.9080753078296,27,1.33054318272239,1,FALSE,"0.1.0","2026-10-07T06:57:38Z","linux-x86-64"
"main","min","double","fast",1e+07,"avx2",3196.8840630725,311.443870061416,156,2.98164773529029,2.14917243620732,FALSE,"0.1.0","2026-10-07T06:57:38Z","linux-x86-64"
"main","min","double","fast",1e+07,"sse2",3679.39355783165,270.739693097799,136,2.59063945642802,1.86733357063193,FALSE,"0.1.0","2026-10-07T06:57:38Z","linux-x86-64"
"main","min","double","fast",1e+07,"none",9531.98212664574,104.697773125593,53,1,0.720800251072609,FALSE,"0.1.0","2026-10-07T06:57:38Z","linux-x86-64"
"main","min","double","fast",1e+07,"base",6870.65511010587,144.502655780257,73,1.38734690853939,1,FALSE,"0.1.0","2026-10-07T06:57:38Z","linux-x86-64"
"main","min","integer","fast",1e+07,"avx2",1705.25355497375,581.630739608512,200,4.60683868017216,3.68928922902292,FALSE,"0.1.0","2026-10-07T06:57:38Z","linux-x86-64"
"main","min","integer","fast",1e+07,"sse2",2222.5936409086,447.350386564597,200,3.53453186041812,2.8305550134418,FALSE,"0.1.0","2026-10-07T06:57:38Z","linux-x86-64"
"main","min","integer","fast",1e+07,"none",7855.82803655416,127.09259492871,64,1,0.80082882973559,FALSE,"0.1.0","2026-10-07T06:57:38Z","linux-x86-64"
"main","min","integer","fast",1e+07,"base",6291.1735731177,158.636690829443,80,1.24870629386578,1,FALSE,"0.1.0","2026-10-07T06:57:38Z","linux-x86-64"
"main","is_finite_all","double","fast",1e+07,"avx2",2932.21895117313,337.025530614401,169,4.29159630292229,6.3993845138449,FALSE,"0.1.0","2026-10-07T06:57:38Z","linux-x86-64"
"main","is_finite_all","double","fast",1e+07,"sse2",3763.01759388298,263.380643222258,132,3.34409810644233,4.98652904994188,FALSE,"0.1.0","2026-10-07T06:57:38Z","linux-x86-64"
"main","is_finite_all","double","fast",1e+07,"none",12583.9000102133,79.3066304405869,40,1,1.49114316961438,FALSE,"0.1.0","2026-10-07T06:57:38Z","linux-x86-64"
"main","is_finite_all","double","fast",1e+07,"base",18764.3965473399,53.2783614728388,26,0.670626416280742,1,FALSE,"0.1.0","2026-10-07T06:57:38Z","linux-x86-64"
"main","bit_and","raw","fast",1e+07,"avx2",1814.60299063474,516.295384141922,199,7.52082689514125,8.6633126693163,FALSE,"0.1.0","2026-10-07T06:57:38Z","linux-x86-64"
"main","bit_and","raw","fast",1e+07,"sse2",1807.54455504939,517.216359880746,198,7.55019561639331,8.69714278114469,FALSE,"0.1.0","2026-10-07T06:57:38Z","linux-x86-64"
"main","bit_and","raw","fast",1e+07,"none",13647.3149759695,72.6228574685799,37,1,1.15190959586015,FALSE,"0.1.0","2026-10-07T06:57:38Z","linux-x86-64"
"main","bit_and","raw","fast",1e+07,"base",15720.4730785452,63.137327631736,32,0.868123682269774,1,FALSE,"0.1.0","2026-10-07T06:57:38Z","linux-x86-64"
"main","popcount_total","raw","fast",1e+07,"avx2",515.301013365388,1947.91805533891,200,27.2676293296452,360.985084951615,FALSE,"0.1.0","2026-10-07T06:57:38Z","linux-x86-64"
"main","popcount_total","raw","fast",1e+07,"sse2",998.768024146557,998.458714621399,200,14.0683689164403,186.24542995788,FALSE,"0.1.0","2026-10-07T06:57:38Z","linux-x86-64"
"main","popcount_total","raw","fast",1e+07,"none",14051.0370256379,71.0978599149459,36,1,13.238594400253,FALSE,"0.1.0","2026-10-07T06:57:38Z","linux-x86-64"
"main","popcount_total","raw","fast",1e+07,"base",186015.980085358,5.33429574143039,13,0.0755367201204448,1,FALSE,"0.1.0","2026-10-07T06:57:38Z","linux-x86-64"
"na","sum","double","fast",1e+07,"avx2",1.86299439519644,470913.707941919,200,6.345685184028,10084.1156658127,FALSE,"0.1.0","2026-10-07T06:57:38Z","linux-x86-64"
"na","sum","double","fast",1e+07,"sse2",2.35403422266245,406472.501239774,200,5.0220068245883,7980.61930666139,FALSE,"0.1.0","2026-10-07T06:57:38Z","linux-x86-64"
"na","sum","double","fast",1e+07,"none",11.8219759315252,82610.7046400545,200,1,1589.12952240276,FALSE,"0.1.0","2026-10-07T06:57:38Z","linux-x86-64"
"na","sum","double","fast",1e+07,"base",18786.6509659216,53.2092046268136,27,0.000629275327091025,1,FALSE,"0.1.0","2026-10-07T06:57:38Z","linux-x86-64"
"na","sum","integer","fast",1e+07,"avx2",1.88406556844711,496754.565637161,200,0.696397676717746,0.170415224913495,FALSE,"0.1.0","2026-10-07T06:57:38Z","linux-x86-64"
"na","sum","integer","fast",1e+07,"sse2",1.91398430615664,499909.47972936,200,0.685511830180646,0.167751353324007,FALSE,"0.1.0","2026-10-07T06:57:38Z","linux-x86-64"
"na","sum","integer","fast",1e+07,"none",1.31205888465047,692049.076401511,200,1,0.244709640211171,FALSE,"0.1.0","2026-10-07T06:57:38Z","linux-x86-64"
"na","sum","integer","fast",1e+07,"base",0.321073457598686,2962148.55408807,200,4.08647570703408,1,FALSE,"0.1.0","2026-10-07T06:57:38Z","linux-x86-64"
"na","any_na","double","fast",1e+07,"avx2",0.93202106654644,1002450.08040668,200,1.05370971771172,0.214713964526605,FALSE,"0.1.0","2026-10-07T06:57:38Z","linux-x86-64"
"na","any_na","double","fast",1e+07,"sse2",0.922125764191151,954532.099803258,200,1.06501704330261,0.217018053276101,FALSE,"0.1.0","2026-10-07T06:57:38Z","linux-x86-64"
"na","any_na","double","fast",1e+07,"none",0.982079654932022,850262.538325208,200,1,0.203769559032717,FALSE,"0.1.0","2026-10-07T06:57:38Z","linux-x86-64"
"na","any_na","double","fast",1e+07,"base",0.200117938220501,4889019.87894034,200,4.90750436300175,1,FALSE,"0.1.0","2026-10-07T06:57:38Z","linux-x86-64"
"na","any_na","integer","fast",1e+07,"avx2",0.921078026294708,995808.59833366,200,1.06622851365015,0.141051567239636,FALSE,"0.1.0","2026-10-07T06:57:38Z","linux-x86-64"
"na","any_na","integer","fast",1e+07,"sse2",0.922125764191151,1007725.71256957,200,1.06501704330261,0.140891301603333,FALSE,"0.1.0","2026-10-07T06:57:38Z","linux-x86-64"
"na","any_na","integer","fast",1e+07,"none",0.982079654932022,856014.955163509,200,1,0.132290184921764,FALSE,"0.1.0","2026-10-07T06:57:38Z","linux-x86-64"
"na","any_na","integer","fast",1e+07,"base",0.129919499158859,7158845.56860751,200,7.55913978494624,1,FALSE,"0.1.0","2026-10-07T06:57:38Z","linux-x86-64"
"na","sum_narm","double","fast",1e+07,"avx2",3638.18113692105,273.331352661917,137,7.14581093057928,5.1138053186034,FALSE,"0.1.0","2026-10-07T06:57:38Z","linux-x86-64"
"na","sum_narm","double","fast",1e+07,"sse2",3964.75754678249,250.381133501678,126,6.55721169046911,4.69258203774096,FALSE,"0.1.0","2026-10-07T06:57:38Z","linux-x86-64"
"na","sum_narm","double","fast",1e+07,"none",25997.7545356378,38.4242861717104,20,1,0.715636807114465,FALSE,"0.1.0","2026-10-07T06:57:38Z","linux-x86-64"
"na","sum_narm","double","fast",1e+07,"base",18604.9500480294,53.6828144318372,27,1.39735685763862,1,FALSE,"0.1.0","2026-10-07T06:57:38Z","linux-x86-64"
"na","min","double","fast",1e+07,"avx2",1.82411167770624,503469.930161331,200,3.05903376092922,5812.50737124258,FALSE,"0.1.0","2026-10-07T06:57:38Z","linux-x86-64"
"na","min","double","fast",1e+07,"sse2",2.20502261072397,411230.389726343,200,2.53059500554353,4808.41444485508,FALSE,"0.1.0","2026-10-07T06:57:38Z","linux-x86-64"
"na","min","double","fast",1e+07,"none",5.58001920580864,168009.095483191,200,1,1900.11220061754,FALSE,"0.1.0","2026-10-07T06:57:38Z","linux-x86-64"
"na","min","double","fast",1e+07,"base",10602.6625726372,94.4434421610764,48,0.000526284710805497,1,FALSE,"0.1.0","2026-10-07T06:57:38Z","linux-x86-64"
"na","min","integer","fast",1e+07,"avx2",1.63307413458824,554380.500372548,200,2.93869404049045,0.208796692329626,FALSE,"0.1.0","2026-10-07T06:57:38Z","linux-x86-64"
"na","min","integer","fast",1e+07,"sse2",2.18406785279512,410659.078993194,200,2.19732423644795,0.156121741911412,FALSE,"0.1.0","2026-10-07T06:57:38Z","linux-x86-64"
"na","min","integer","fast",1e+07,"none",4.79910522699356,198869.481868128,200,1,0.0710508441684456,FALSE,"0.1.0","2026-10-07T06:57:38Z","linux-x86-64"
"na","min","integer","fast",1e+07,"base",0.340980477631092,2495006.92507661,200,14.0744281324684,1,FALSE,"0.1.0","2026-10-07T06:57:38Z","linux-x86-64"
"precision","sum","double","fast",1e+07,"avx2",3218.10360765085,307.926448823817,154,7.81427312973258,5.83934591454975,FALSE,"0.1.0","2026-10-07T06:57:38Z","linux-x86-64"
"precision","sum","double","fast",1e+07,"sse2",3826.54392160475,260.897023708494,131,6.57176320595202,4.9108596527106,FALSE,"0.1.0","2026-10-07T06:57:38Z","linux-x86-64"
"precision","sum","double","fast",1e+07,"none",25147.1405499615,39.271839811665,20,1,0.747266676964692,FALSE,"0.1.0","2026-10-07T06:57:38Z","linux-x86-64"
"precision","sum","double","fast",1e+07,"base",18791.6201539338,53.1749037082927,27,1.33821034822787,1,FALSE,"0.1.0","2026-10-07T06:57:38Z","linux-x86-64"
"precision","sum","double","pairwise",1e+07,"avx2",3485.93504168093,284.941815695458,143,7.75269727237759,5.38778315649296,FALSE,"0.1.0","2026-10-07T06:57:38Z","linux-x86-64"
"precision","sum","double","pairwise",1e+07,"sse2",3926.33106093854,252.415968132921,127,6.88311776818564,4.78346369949447,FALSE,"0.1.0","2026-10-07T06:57:38Z","linux-x86-64"
"precision","sum","double","pairwise",1e+07,"none",27025.3990893252,36.9773310803346,20,1,0.694955957546455,FALSE,"0.1.0","2026-10-07T06:57:38Z","linux-x86-64"
"precision","sum","double","pairwise",1e+07,"base",18781.4621021971,53.1357968526933,27,1.43894010712636,1,FALSE,"0.1.0","2026-10-07T06:57:38Z","linux-x86-64"
"precision","sum","double","compensated",1e+07,"avx2",4041.60702601075,246.295006594319,124,3.49634032354048,4.6429086036465,FALSE,"0.1.0","2026-10-07T06:57:38Z","linux-x86-64"
"precision","sum","double","compensated",1e+07,"sse2",7091.74503572285,140.155106758451,71,1.99257496508482,2.64600770883619,FALSE,"0.1.0","2026-10-07T06:57:38Z","linux-x86-64"
"precision","sum","double","compensated",1e+07,"none",14130.8336169459,70.586631327552,36,1,1.32793383195174,FALSE,"0.1.0","2026-10-07T06:57:38Z","linux-x86-64"
"precision","sum","double","compensated",1e+07,"base",18764.8120336235,53.2779900853585,27,0.753049569141741,1,FALSE,"0.1.0","2026-10-07T06:57:38Z","linux-x86-64"
"precision","dot","double","fast",1e+07,"avx2",4894.53208865598,203.765532877946,102,4.01827553969101,6.13299485068046,FALSE,"0.1.0","2026-10-07T06:57:38Z","linux-x86-64"
"precision","dot","double","fast",1e+07,"sse2",5303.62315475941,189.446598145549,95,3.70832881526087,5.65993080961634,FALSE,"0.1.0","2026-10-07T06:57:38Z","linux-x86-64"
"precision","dot","double","fast",1e+07,"none",19667.5785700791,50.7499772912346,26,1,1.52627533629813,FALSE,"0.1.0","2026-10-07T06:57:38Z","linux-x86-64"
"precision","dot","double","fast",1e+07,"base",30018.1400962174,33.3362515792764,19,0.655189778815023,1,FALSE,"0.1.0","2026-10-07T06:57:38Z","linux-x86-64"
"precision","dot","double","fast",1e+07,"blas",12715.8500254154,78.6534193097782,40,1.54669790307129,2.36068686216175,FALSE,"0.1.0","2026-10-07T06:57:38Z","linux-x86-64"
"precision","dot","double","pairwise",1e+07,"avx2",4915.57153873146,202.447515891492,102,4.39019020217629,6.11430071609242,FALSE,"0.1.0","2026-10-07T06:57:38Z","linux-x86-64"
"precision","dot","double","pairwise",1e+07,"sse2",5390.47608617693,185.125096356762,93,4.00341150993599,5.57562673477794,FALSE,"0.1.0","2026-10-07T06:57:38Z","linux-x86-64"
"precision","dot","double","pairwise",1e+07,"none",21580.2940074354,46.336838003173,24,1,1.39271886513287,FALSE,"0.1.0","2026-10-07T06:57:38Z","linux-x86-64"
"precision","dot","double","pairwise",1e+07,"base",30055.2825792693,33.4527717345727,18,0.718020000328346,1,FALSE,"0.1.0","2026-10-07T06:57:38Z","linux-x86-64"
"precision","dot","double","pairwise",1e+07,"blas",12617.3296011984,78.0521689231659,40,1.71036936416289,2.38206367981498,FALSE,"0.1.0","2026-10-07T06:57:38Z","linux-x86-64"
"precision","dot","double","compensated",1e+07,"avx2",5393.75306107104,184.679209215206,93,3.50355270762622,5.5901760179242,FALSE,"0.1.0","2026-10-07T06:57:38Z","linux-x86-64"
"precision","dot","double","compensated",1e+07,"sse2",9023.0010682717,110.739513374031,56,2.09434732395552,3.34168518660943,FALSE,"0.1.0","2026-10-07T06:57:38Z","linux-x86-64"
"precision","dot","double","compensated",1e+07,"none",18897.2981413826,52.886453078569,27,1,1.59557354617672,FALSE,"0.1.0","2026-10-07T06:57:38Z","linux-x86-64"
"precision","dot","double","compensated",1e+07,"base",30152.0290086046,33.2666098117,19,0.626733880363071,1,FALSE,"0.1.0","2026-10-07T06:57:38Z","linux-x86-64"
"precision","dot","double","compensated",1e+07,"blas",12913.9509517699,76.6404394642062,39,1.46332429261648,2.33484153077661,FALSE,"0.1.0","2026-10-07T06:57:38Z","linux-x86-64"
"math","sin","double","accurate",1e+07,"avx2",56187.9005981609,17.7549965566355,18,3.64887160528582,3.80387229811651,FALSE,"0.1.0","2026-10-07T06:57:38Z","linux-x86-64"
"math","sin","double","accurate",1e+07,"sse2",156994.163058698,6.37211884500282,18,1.30592393410573,1.36139837565016,FALSE,"0.1.0","2026-10-07T06:57:38Z","linux-x86-64"
"math","sin","double","accurate",1e+07,"none",205022.435053252,4.87797092504689,19,1,1.04247907561509,FALSE,"0.1.0","2026-10-07T06:57:38Z","linux-x86-64"
"math","sin","double","accurate",1e+07,"base",213731.598574668,4.67842310745703,18,0.959251867391176,1,FALSE,"0.1.0","2026-10-07T06:57:38Z","linux-x86-64"
"math","sin","double","fast",1e+07,"avx2",36183.5811054334,27.8003451712608,18,5.66735836520161,5.90770577552833,FALSE,"0.1.0","2026-10-07T06:57:38Z","linux-x86-64"
"math","sin","double","fast",1e+07,"sse2",80680.48406858,12.4242094518516,19,2.54169671176637,2.64948771123095,FALSE,"0.1.0","2026-10-07T06:57:38Z","linux-x86-64"
"math","sin","double","fast",1e+07,"none",205065.321060829,4.87859755984959,19,1,1.04240907224122,FALSE,"0.1.0","2026-10-07T06:57:38Z","linux-x86-64"
"math","sin","double","fast",1e+07,"base",213761.951075867,4.68074058263907,19,0.95931628631163,1,FALSE,"0.1.0","2026-10-07T06:57:38Z","linux-x86-64"
"math","log","double","accurate",1e+07,"avx2",42334.6791649237,23.647635490892,19,1.30380277304856,1.3696006506218,FALSE,"0.1.0","2026-10-07T06:57:38Z","linux-x86-64"
"math","log","double","accurate",1e+07,"sse2",112962.112063542,8.8584198645334,19,0.488624646645242,0.513283640584992,FALSE,"0.1.0","2026-10-07T06:57:38Z","linux-x86-64"
"math","log","double","accurate",1e+07,"none",55196.0720913485,17.8129761115311,19,1,1.05046612795538,FALSE,"0.1.0","2026-10-07T06:57:38Z","linux-x86-64"
"math","log","double","accurate",1e+07,"base",57981.6041281447,17.236240870398,19,0.951958348191955,1,FALSE,"0.1.0","2026-10-07T06:57:38Z","linux-x86-64"
"math","log","double","fast",1e+07,"avx2",27185.8581108972,36.9083490485774,18,2.02999680423586,2.13493732011087,FALSE,"0.1.0","2026-10-07T06:57:38Z","linux-x86-64"
"math","log","double","fast",1e+07,"sse2",60104.1330955923,16.6539920547924,19,0.918193179789462,0.965659099814048,FALSE,"0.1.0","2026-10-07T06:57:38Z","linux-x86-64"
"math","log","double","fast",1e+07,"none",55187.2050855309,18.1060172198295,19,1,1.05169491678807,FALSE,"0.1.0","2026-10-07T06:57:38Z","linux-x86-64"
"math","log","double","fast",1e+07,"base",58040.1030601934,17.250543505865,19,0.950846090474654,1,FALSE,"0.1.0","2026-10-07T06:57:38Z","linux-x86-64"
"math","tanh","double","accurate",1e+07,"avx2",70961.1480124295,14.1214362073919,19,2.76698026329583,2.77114180912192,FALSE,"0.1.0","2026-10-07T06:57:38Z","linux-x86-64"
"math","tanh","double","accurate",1e+07,"sse2",221556.56805262,4.51353112050886,19,0.886221057389614,0.887553936265296,FALSE,"0.1.0","2026-10-07T06:57:38Z","linux-x86-64"
"math","tanh","double","accurate",1e+07,"none",196348.096011207,5.08878557487968,19,1,1.00150400271419,FALSE,"0.1.0","2026-10-07T06:57:38Z","linux-x86-64"
"math","tanh","double","accurate",1e+07,"base",196643.404080532,5.08155565671255,19,0.998498255912997,1,FALSE,"0.1.0","2026-10-07T06:57:38Z","linux-x86-64"
"math","tanh","double","fast",1e+07,"avx2",33228.5520853475,30.1806438809414,19,5.90964480046531,5.91856712917492,FALSE,"0.1.0","2026-10-07T06:57:38Z","linux-x86-64"
"math","tanh","double","fast",1e+07,"sse2",73382.0341411047,13.644588641141,18,2.67598114929018,2.68002132162554,FALSE,"0.1.0","2026-10-07T06:57:38Z","linux-x86-64"
"math","tanh","double","fast",1e+07,"none",196368.940058164,5.09006662957964,19,1,1.0015097910299,FALSE,"0.1.0","2026-10-07T06:57:38Z","linux-x86-64"
"math","tanh","double","fast",1e+07,"base",196665.416122414,5.08613088681163,19,0.998492485002725,1,FALSE,"0.1.0","2026-10-07T06:57:38Z","linux-x86-64"
"math","atan2","double","accurate",1e+07,"avx2",74324.2570897564,13.4740233806333,19,4.23035718502742,4.30474536290662,FALSE,"0.1.0","2026-10-07T06:57:38Z","linux-x86-64"
"math","atan2","double","accurate",1e+07,"sse2",230794.786009938,4.33046759562008,19,1.36232780834112,1.38628348841829,FALSE,"0.1.0","2026-10-07T06:57:38Z","linux-x86-64"
"math","atan2","double","accurate",1e+07,"none",314418.155001476,3.18001378332398,19,1,1.01758437281431,FALSE,"0.1.0","2026-10-07T06:57:38Z","linux-x86-64"
"math","atan2","double","accurate",1e+07,"base",319947.001058608,3.12551662569191,19,0.98271949404483,1,FALSE,"0.1.0","2026-10-07T06:57:38Z","linux-x86-64"
"math","atan2","double","fast",1e+07,"avx2",35602.3650383577,28.1631614392313,19,8.82079462128405,8.98833368707398,FALSE,"0.1.0","2026-10-07T06:57:38Z","linux-x86-64"
"math","atan2","double","fast",1e+07,"sse2",99982.2960002348,9.9970434937051,19,3.14096757724587,3.20062600895886,FALSE,"0.1.0","2026-10-07T06:57:38Z","linux-x86-64"
"math","atan2","double","fast",1e+07,"none",314041.150035337,3.18265570881319,18,1,1.01899364773619,FALSE,"0.1.0","2026-10-07T06:57:38Z","linux-x86-64"
"math","atan2","double","fast",1e+07,"base",320005.937013775,3.11554818962656,19,0.981360386516261,1,FALSE,"0.1.0","2026-10-07T06:57:38Z","linux-x86-64"
"math","hypot","double","accurate",1e+07,"avx2",48688.9829626307,20.5000179822111,19,5.00226289907574,2.24139877052284,FALSE,"0.1.0","2026-10-07T06:57:38Z","linux-x86-64"
"math","hypot","double","accurate",1e+07,"sse2",194047.41213657,5.15145658486915,19,1.25513187929703,0.562395681286601,FALSE,"0.1.0","2026-10-07T06:57:38Z","linux-x86-64"
"math","hypot","double","accurate",1e+07,"none",243555.093067698,4.10565127429206,19,1,0.448076963515248,FALSE,"0.1.0","2026-10-07T06:57:38Z","linux-x86-64"
"math","hypot","double","accurate",1e+07,"base",109131.426550448,9.15788428723931,18,2.23175945523914,1,FALSE,"0.1.0","2026-10-07T06:57:38Z","linux-x86-64"
"math","hypot","double","fast",1e+07,"avx2",17427.0300776698,57.689197827133,26,13.992483686143,6.28196764681035,FALSE,"0.1.0","2026-10-07T06:57:38Z","linux-x86-64"
"math","hypot","double","fast",1e+07,"sse2",31526.5810349956,31.8513694380332,19,7.73466154763301,3.47249957127892,FALSE,"0.1.0","2026-10-07T06:57:38Z","linux-x86-64"
"math","hypot","double","fast",1e+07,"none",243847.434059717,4.10162245029383,19,1,0.448953008466361,FALSE,"0.1.0","2026-10-07T06:57:38Z","linux-x86-64"
"math","hypot","double","fast",1e+07,"base",109476.039127912,9.14368221587277,18,2.22740460837101,1,FALSE,"0.1.0","2026-10-07T06:57:38Z","linux-x86-64"
"math","pow","double","accurate",1e+07,"avx2",138825.022033416,7.20430243624296,19,1.75475834963323,1.52526110908514,FALSE,"0.1.0","2026-10-07T06:57:38Z","linux-x86-64"
"math","pow","double","accurate",1e+07,"sse2",410386.541043408,2.43659389381294,19,0.593597358070733,0.515963331879981,FALSE,"0.1.0","2026-10-07T06:57:38Z","linux-x86-64"
"math","pow","double","accurate",1e+07,"none",243604.366551153,4.09843471111846,18,1,0.869214333360457,FALSE,"0.1.0","2026-10-07T06:57:38Z","linux-x86-64"
"math","pow","double","accurate",1e+07,"base",211744.407075457,4.72194133548715,19,1.15046423145591,1,FALSE,"0.1.0","2026-10-07T06:57:38Z","linux-x86-64"
"math","pow","double","fast",1e+07,"avx2",139080.026070587,7.19370885589595,19,1.75246670506725,1.52241234127334,FALSE,"0.1.0","2026-10-07T06:57:38Z","linux-x86-64"
"math","pow","double","fast",1e+07,"sse2",410216.801101342,2.43296735335473,19,0.594156832129304,0.51615913230763,FALSE,"0.1.0","2026-10-07T06:57:38Z","linux-x86-64"
"math","pow","double","fast",1e+07,"none",243733.11502859,4.10014505352954,19,1,0.868725401099655,FALSE,"0.1.0","2026-10-07T06:57:38Z","linux-x86-64"
"math","pow","double","fast",1e+07,"base",211737.14811448,4.72221234997328,19,1.15111173074273,1,FALSE,"0.1.0","2026-10-07T06:57:38Z","linux-x86-64"
"math","asinh","double","accurate",1e+07,"avx2",131088.363123126,7.63271062122786,19,0.885324107779732,0.920290998601014,FALSE,"0.1.0","2026-10-07T06:57:38Z","linux-x86-64"
"math","asinh","double","accurate",1e+07,"sse2",370226.372149773,2.70139495224986,19,0.31347223442888,0.32585317978037,FALSE,"0.1.0","2026-10-07T06:57:38Z","linux-x86-64"
"math","asinh","double","accurate",1e+07,"none",116055.688122287,8.61692763665156,19,1,1.03949614668121,FALSE,"0.1.0","2026-10-07T06:57:38Z","linux-x86-64"
"math","asinh","double","accurate",1e+07,"base",120639.440603554,8.2944082951914,18,0.962004528052065,1,FALSE,"0.1.0","2026-10-07T06:57:38Z","linux-x86-64"
"math","asinh","double","fast",1e+07,"avx2",131136.366981082,7.63008466945683,19,0.884648199844926,0.922088272290393,FALSE,"0.1.0","2026-10-07T06:57:38Z","linux-x86-64"
"math","asinh","double","fast",1e+07,"sse2",369072.696077637,2.70997969578836,19,0.314327101996226,0.327630050526924,FALSE,"0.1.0","2026-10-07T06:57:38Z","linux-x86-64"
"math","asinh","double","fast",1e+07,"none",116009.550984018,8.62662969216998,19,1,1.04232199020134,FALSE,"0.1.0","2026-10-07T06:57:38Z","linux-x86-64"
"math","asinh","double","fast",1e+07,"base",120919.306064025,8.26748878197454,19,0.959396433540502,1,FALSE,"0.1.0","2026-10-07T06:57:38Z","linux-x86-64"
"math","sqrt","complex","accurate",1e+07,"avx2",92094.9990395457,10.8695775559317,18,3.82532999171278,3.74834539499903,FALSE,"0.1.0","2026-10-07T06:57:38Z","linux-x86-64"
"math","sqrt","complex","accurate",1e+07,"sse2",218464.768084232,4.57533300503894,18,1.61258845076979,1.58013517959666,FALSE,"0.1.0","2026-10-07T06:57:38Z","linux-x86-64"
"math","sqrt","complex","accurate",1e+07,"none",352293.761912733,2.83786374457904,17,1,0.979875044275781,FALSE,"0.1.0","2026-10-07T06:57:38Z","linux-x86-64"
"math","sqrt","complex","accurate",1e+07,"base",345203.865552321,2.89639268258723,18,1.02053828785801,1,FALSE,"0.1.0","2026-10-07T06:57:38Z","linux-x86-64"
"math","sqrt","complex","fast",1e+07,"avx2",44865.6285880134,22.405886310603,18,7.86555836283559,7.69253578715524,FALSE,"0.1.0","2026-10-07T06:57:38Z","linux-x86-64"
"math","sqrt","complex","fast",1e+07,"sse2",82207.1385919116,12.0433530193057,18,4.29273206912283,4.19830271966753,FALSE,"0.1.0","2026-10-07T06:57:38Z","linux-x86-64"
"math","sqrt","complex","fast",1e+07,"none",352893.220144324,2.83339049261148,17,1,0.978002505645642,FALSE,"0.1.0","2026-10-07T06:57:38Z","linux-x86-64"
"math","sqrt","complex","fast",1e+07,"base",345130.453526508,2.89568764121227,18,1.02249226789029,1,FALSE,"0.1.0","2026-10-07T06:57:38Z","linux-x86-64"
"math","exp","complex","accurate",1e+07,"avx2",82485.0095668808,12.1444392381033,18,4.3555269242724,4.27897626315645,FALSE,"0.1.0","2026-10-07T06:57:38Z","linux-x86-64"
"math","exp","complex","accurate",1e+07,"sse2",196507.797576487,5.09060892432612,18,1.82825152206786,1.79611904644921,FALSE,"0.1.0","2026-10-07T06:57:38Z","linux-x86-64"
"math","exp","complex","accurate",1e+07,"none",359265.680017415,2.78187097286617,18,1,0.982424477578281,FALSE,"0.1.0","2026-10-07T06:57:38Z","linux-x86-64"
"math","exp","complex","accurate",1e+07,"base",352951.398002915,2.83367238542072,17,1.01788994759683,1,FALSE,"0.1.0","2026-10-07T06:57:38Z","linux-x86-64"
"math","exp","complex","fast",1e+07,"avx2",64967.937534675,15.4198722515309,18,5.52355936106792,5.43894987974759,FALSE,"0.1.0","2026-10-07T06:57:38Z","linux-x86-64"
"math","exp","complex","fast",1e+07,"sse2",157353.595073801,6.35582143470353,18,2.28055964892714,2.24562620177786,FALSE,"0.1.0","2026-10-07T06:57:38Z","linux-x86-64"
"math","exp","complex","fast",1e+07,"none",358854.25953893,2.78618707976537,18,1,0.984682072593139,FALSE,"0.1.0","2026-10-07T06:57:38Z","linux-x86-64"
"math","exp","complex","fast",1e+07,"base",353357.35604167,2.83230840631815,17,1.01555621640041,1,FALSE,"0.1.0","2026-10-07T06:57:38Z","linux-x86-64"
"math","log","complex","accurate",1e+07,"avx2",224954.383622389,4.42965025116683,18,2.61825000299772,2.56502217155169,FALSE,"0.1.0","2026-10-07T06:57:38Z","linux-x86-64"
"math","log","complex","accurate",1e+07,"sse2",607499.023084529,1.64331066390993,18,0.969527181464649,0.949817134930415,FALSE,"0.1.0","2026-10-07T06:57:38Z","linux-x86-64"
"math","log","complex","accurate",1e+07,"none",588986.815593671,1.69789584013433,18,1,0.979670454927877,FALSE,"0.1.0","2026-10-07T06:57:38Z","linux-x86-64"
"math","log","complex","accurate",1e+07,"base",577012.981579173,1.73340662604105,18,1.02075141183432,1,FALSE,"0.1.0","2026-10-07T06:57:38Z","linux-x86-64"
"math","log","complex","fast",1e+07,"avx2",118481.669109315,8.45171530356199,17,4.96699801768959,4.8638312229253,FALSE,"0.1.0","2026-10-07T06:57:38Z","linux-x86-64"
"math","log","complex","fast",1e+07,"sse2",262555.166031234,3.81098344024849,18,2.24142691417662,2.19487146365893,FALSE,"0.1.0","2026-10-07T06:57:38Z","linux-x86-64"
"math","log","complex","fast",1e+07,"none",588498.21559852,1.69968520543576,18,1,0.97922954782811,FALSE,"0.1.0","2026-10-07T06:57:38Z","linux-x86-64"
"math","log","complex","fast",1e+07,"base",576274.841558188,1.7324103893892,18,1.0212110145348,1,FALSE,"0.1.0","2026-10-07T06:57:38Z","linux-x86-64"
"math","sin","complex","accurate",1e+07,"avx2",123663.25117182,8.09200636946925,17,5.075083282001,4.9678686734397,FALSE,"0.1.0","2026-10-07T06:57:38Z","linux-x86-64"
"math","sin","complex","accurate",1e+07,"sse2",321486.579545308,3.10746482726982,18,1.95218506323852,1.91094381737826,FALSE,"0.1.0","2026-10-07T06:57:38Z","linux-x86-64"
"math","sin","complex","accurate",1e+07,"none",627601.298619993,1.59290041563118,18,1,0.978874315434087,FALSE,"0.1.0","2026-10-07T06:57:38Z","linux-x86-64"
"math","sin","complex","accurate",1e+07,"base",614342.79155219,1.62696661298967,18,1.02158161086957,1,FALSE,"0.1.0","2026-10-07T06:57:38Z","linux-x86-64"
"math","sin","complex","fast",1e+07,"avx2",103831.326065119,9.63521399206085,18,6.03848604611419,5.91598082042882,FALSE,"0.1.0","2026-10-07T06:57:38Z","linux-x86-64"
"math","sin","complex","fast",1e+07,"sse2",285477.636032738,3.50272653115964,17,2.19626315499493,2.15170666990704,FALSE,"0.1.0","2026-10-07T06:57:38Z","linux-x86-64"
"math","sin","complex","fast",1e+07,"none",626984.013593756,1.59509349843272,18,1,0.979712592734365,FALSE,"0.1.0","2026-10-07T06:57:38Z","linux-x86-64"
"math","sin","complex","fast",1e+07,"base",614264.133560937,1.62789398304329,18,1.02070750893281,1,FALSE,"0.1.0","2026-10-07T06:57:38Z","linux-x86-64"
"math","asin","complex","accurate",1e+07,"avx2",260578.871064354,3.83927952830305,18,3.79094374589924,3.79558570902469,FALSE,"0.1.0","2026-10-07T06:57:38Z","linux-x86-64"
"math","asin","complex","accurate",1e+07,"sse2",669640.752021223,1.49250009484929,17,1.47517880086185,1.47698513882306,FALSE,"0.1.0","2026-10-07T06:57:38Z","linux-x86-64"
"math","asin","complex","accurate",1e+07,"none",987839.841574896,1.01235244231408,18,1,1.00122448747241,FALSE,"0.1.0","2026-10-07T06:57:38Z","linux-x86-64"
"math","asin","complex","accurate",1e+07,"base",989049.439085647,1.0111041243747,18,0.998777010063451,1,FALSE,"0.1.0","2026-10-07T06:57:38Z","linux-x86-64"
"math","asin","complex","fast",1e+07,"avx2",197749.808605295,5.05946920272492,18,4.99710102402746,5.00114766515101,FALSE,"0.1.0","2026-10-07T06:57:38Z","linux-x86-64"
"math","asin","complex","fast",1e+07,"sse2",425360.371067654,2.35128653769214,18,2.32314958867097,2.32503086996116,FALSE,"0.1.0","2026-10-07T06:57:38Z","linux-x86-64"
"math","asin","complex","fast",1e+07,"none",988175.771082751,1.0116224744405,17,1,1.00080979774155,FALSE,"0.1.0","2026-10-07T06:57:38Z","linux-x86-64"
"math","asin","complex","fast",1e+07,"base",988975.993590429,1.00970726023147,18,0.999190857500218,1,FALSE,"0.1.0","2026-10-07T06:57:38Z","linux-x86-64"
"math","asin_cut","complex","accurate",1e+07,"avx2",126809.702604078,7.89102739993187,18,1.85322043362838,1.78697036122208,FALSE,"0.1.0","2026-10-07T06:57:38Z","linux-x86-64"
"math","asin_cut","complex","accurate",1e+07,"sse2",250856.728060171,3.98589485196738,18,0.936814945588567,0.903325104417845,FALSE,"0.1.0","2026-10-07T06:57:38Z","linux-x86-64"
"math","asin_cut","complex","accurate",1e+07,"none",235006.332048215,4.2558546042774,17,1,0.964251380351664,FALSE,"0.1.0","2026-10-07T06:57:38Z","linux-x86-64"
"math","asin_cut","complex","accurate",1e+07,"base",226605.180068873,4.41222089370244,18,1.03707396263752,1,FALSE,"0.1.0","2026-10-07T06:57:38Z","linux-x86-64"
"math","asin_cut","complex","fast",1e+07,"avx2",102832.236560062,9.73986354987521,18,2.28787480834315,2.20312960870203,FALSE,"0.1.0","2026-10-07T06:57:38Z","linux-x86-64"
"math","asin_cut","complex","fast",1e+07,"sse2",172966.384561732,5.78294646077165,18,1.36019079145046,1.30980794718332,FALSE,"0.1.0","2026-10-07T06:57:38Z","linux-x86-64"
"math","asin_cut","complex","fast",1e+07,"none",235267.283511348,4.2489784105439,18,1,0.962958987383365,FALSE,"0.1.0","2026-10-07T06:57:38Z","linux-x86-64"
"math","asin_cut","complex","fast",1e+07,"base",226552.745094523,4.41475953337384,17,1.03846582575369,1,FALSE,"0.1.0","2026-10-07T06:57:38Z","linux-x86-64"
"math","pow","complex","accurate",1e+07,"avx2",328521.602554247,3.0447577227182,18,2.7887864174307,2.73720062250582,FALSE,"0.1.0","2026-10-07T06:57:38Z","linux-x86-64"
"math","pow","complex","accurate",1e+07,"sse2",845610.651071183,1.1825869265637,18,1.08344967258309,1.06340847750556,FALSE,"0.1.0","2026-10-07T06:57:38Z","linux-x86-64"
"math","pow","complex","accurate",1e+07,"none",916176.583035849,1.09013641421763,18,1,0.981502421769394,FALSE,"0.1.0","2026-10-07T06:57:38Z","linux-x86-64"
"math","pow","complex","accurate",1e+07,"base",899229.535018094,1.11203491725285,17,1.01884618704991,1,FALSE,"0.1.0","2026-10-07T06:57:38Z","linux-x86-64"
"math","pow","complex","fast",1e+07,"avx2",190069.150121417,5.26409535258472,18,4.81967996646719,4.73268055591006,FALSE,"0.1.0","2026-10-07T06:57:38Z","linux-x86-64"
"math","pow","complex","fast",1e+07,"sse2",449582.385073882,2.22275302086733,18,2.03760757871574,2.00082699172067,FALSE,"0.1.0","2026-10-07T06:57:38Z","linux-x86-64"
"math","pow","complex","fast",1e+07,"none",916072.475083638,1.09060031342817,18,1,0.981949131236424,FALSE,"0.1.0","2026-10-07T06:57:38Z","linux-x86-64"
"math","pow","complex","fast",1e+07,"base",899536.571057979,1.11044392993849,18,1.01838269233035,1,FALSE,"0.1.0","2026-10-07T06:57:38Z","linux-x86-64"
"overhead","sum","double","fast",1,"auto",1.24308280646801,732731.072597654,200,NA,0.202004120621839,FALSE,"0.1.0","2026-10-07T06:57:38Z","linux-x86-64"
"overhead","sum","double","fast",1,"base",0.251107849180698,3761781.75456267,200,NA,1,FALSE,"0.1.0","2026-10-07T06:57:38Z","linux-x86-64"
"overhead","sum","double","fast",1,"bare",0.850996002554893,1045046.1626805,200,NA,0.295075239398085,FALSE,"0.1.0","2026-10-07T06:57:38Z","linux-x86-64"
"overhead","add","double","fast",1,"auto",1.50303822010756,621694.749317234,200,NA,0.0665324142204322,FALSE,"0.1.0","2026-10-07T06:57:38Z","linux-x86-64"
"overhead","add","double","fast",1,"base",0.100000761449337,9353457.31241221,200,NA,1,FALSE,"0.1.0","2026-10-07T06:57:38Z","linux-x86-64"
"overhead","exp","double","fast",1,"auto",1.14261638373137,801984.398250372,200,NA,0.0963830871115639,FALSE,"0.1.0","2026-10-07T06:57:38Z","linux-x86-64"
"overhead","exp","double","fast",1,"base",0.11012889444828,8333431.5683269,200,NA,1,FALSE,"0.1.0","2026-10-07T06:57:38Z","linux-x86-64"
"overhead","eq","double","fast",1,"auto",1.55298039317131,497860.868098612,200,NA,0.0522488755622189,FALSE,"0.1.0","2026-10-07T06:57:38Z","linux-x86-64"
"overhead","eq","double","fast",1,"base",0.0811414793133736,4433480.30441055,200,NA,1,FALSE,"0.1.0","2026-10-07T06:57:38Z","linux-x86-64"
"overhead","as_integer","double","fast",1,"auto",1.69855775311589,530661.672931384,200,NA,0.0589424625612556,FALSE,"0.1.0","2026-10-07T06:57:38Z","linux-x86-64"
"overhead","as_integer","double","fast",1,"base",0.100117176771164,9385034.73472599,200,NA,1,FALSE,"0.1.0","2026-10-07T06:57:38Z","linux-x86-64"
"overhead","dot","double","fast",1,"auto",1.73307489603758,527569.855448444,200,NA,0.196211459662793,FALSE,"0.1.0","2026-10-07T06:57:38Z","linux-x86-64"
"overhead","dot","double","fast",1,"base",0.340049155056477,2649799.51815851,200,NA,1,FALSE,"0.1.0","2026-10-07T06:57:38Z","linux-x86-64"
"overhead","mul","complex","fast",1,"auto",4.36353730037808,185695.271781908,200,NA,0.029827252717935,FALSE,"0.1.0","2026-10-07T06:57:38Z","linux-x86-64"
"overhead","mul","complex","fast",1,"base",0.130152329802513,6784669.68280046,200,NA,1,FALSE,"0.1.0","2026-10-07T06:57:38Z","linux-x86-64"
"overhead","sum","double","fast",10,"auto",1.25204678624868,722876.227079116,200,NA,0.208554160855416,FALSE,"0.1.0","2026-10-07T06:57:38Z","linux-x86-64"
"overhead","sum","double","fast",10,"base",0.261119566857815,3389436.8685942,200,NA,1,FALSE,"0.1.0","2026-10-07T06:57:38Z","linux-x86-64"
"overhead","sum","double","fast",10,"bare",0.84203202277422,921374.176441817,200,NA,0.310106456518734,FALSE,"0.1.0","2026-10-07T06:57:38Z","linux-x86-64"
"overhead","add","double","fast",10,"auto",1.57300382852554,584660.713291502,200,NA,0.248519834221433,FALSE,"0.1.0","2026-10-07T06:57:38Z","linux-x86-64"
"overhead","add","double","fast",10,"base",0.390922650694847,2359207.80329715,200,NA,1,FALSE,"0.1.0","2026-10-07T06:57:38Z","linux-x86-64"
"overhead","exp","double","fast",10,"auto",1.19314063340425,758040.639053422,200,NA,0.142550492730998,FALSE,"0.1.0","2026-10-07T06:57:38Z","linux-x86-64"
"overhead","exp","double","fast",10,"base",0.170082785189152,5132087.79700915,200,NA,1,FALSE,"0.1.0","2026-10-07T06:57:38Z","linux-x86-64"
"overhead","eq","double","fast",10,"auto",1.55309680849314,524114.617356807,200,NA,0.110186642680459,FALSE,"0.1.0","2026-10-07T06:57:38Z","linux-x86-64"
"overhead","eq","double","fast",10,"base",0.171130523085594,3260562.11607917,200,NA,1,FALSE,"0.1.0","2026-10-07T06:57:38Z","linux-x86-64"
"overhead","as_integer","double","fast",10,"auto",1.69314444065094,493440.017830611,200,NA,0.06504400440044,FALSE,"0.1.0","2026-10-07T06:57:38Z","linux-x86-64"
"overhead","as_integer","double","fast",10,"base",0.11012889444828,7830779.65805031,200,NA,1,FALSE,"0.1.0","2026-10-07T06:57:38Z","linux-x86-64"
"overhead","dot","double","fast",10,"auto",1.72306317836046,535825.215602675,200,NA,0.237956894804405,FALSE,"0.1.0","2026-10-07T06:57:38Z","linux-x86-64"
"overhead","dot","double","fast",10,"base",0.410014763474464,2184611.1138804,200,NA,1,FALSE,"0.1.0","2026-10-07T06:57:38Z","linux-x86-64"
"overhead","mul","complex","fast",10,"auto",4.43845055997372,204713.854610112,200,NA,0.0453234013534071,FALSE,"0.1.0","2026-10-07T06:57:38Z","linux-x86-64"
"overhead","mul","complex","fast",10,"base",0.201165676116943,3966336.48641785,200,NA,1,FALSE,"0.1.0","2026-10-07T06:57:38Z","linux-x86-64"
"overhead","sum","double","fast",100,"auto",1.26194208860397,719723.083974058,200,NA,0.333671586715867,FALSE,"0.1.0","2026-10-07T06:57:38Z","linux-x86-64"
"overhead","sum","double","fast",100,"base",0.421074219048023,2283221.14507469,200,NA,1,FALSE,"0.1.0","2026-10-07T06:57:38Z","linux-x86-64"
"overhead","sum","double","fast",100,"bare",0.850996002554893,1054195.07077213,200,NA,0.494801641586867,FALSE,"0.1.0","2026-10-07T06:57:38Z","linux-x86-64"
"overhead","add","double","fast",100,"auto",1.66404061019421,553627.129096002,200,NA,0.138869455715685,FALSE,"0.1.0","2026-10-07T06:57:38Z","linux-x86-64"
"overhead","add","double","fast",100,"base",0.231084413826466,3420949.0286661,200,NA,1,FALSE,"0.1.0","2026-10-07T06:57:38Z","linux-x86-64"
"overhead","exp","double","fast",100,"auto",1.40303745865822,614954.797399845,200,NA,0.506803849983405,FALSE,"0.1.0","2026-10-07T06:57:38Z","linux-x86-64"
"overhead","exp","double","fast",100,"base",0.711064785718918,1154901.05178809,200,NA,1,FALSE,"0.1.0","2026-10-07T06:57:38Z","linux-x86-64"
"overhead","eq","double","fast",100,"auto",1.77405308932066,498265.748899413,200,NA,0.169761795393399,FALSE,"0.1.0","2026-10-07T06:57:38Z","linux-x86-64"
"overhead","eq","double","fast",100,"base",0.30116643756628,3070586.34418711,200,NA,1,FALSE,"0.1.0","2026-10-07T06:57:38Z","linux-x86-64"
"overhead","as_integer","double","fast",100,"auto",1.77405308932066,521089.077914026,200,NA,0.135310715926242,FALSE,"0.1.0","2026-10-07T06:57:38Z","linux-x86-64"
"overhead","as_integer","double","fast",100,"base",0.24004839360714,3987482.54801611,200,NA,1,FALSE,"0.1.0","2026-10-07T06:57:38Z","linux-x86-64"
"overhead","dot","double","fast",100,"auto",1.77300535142422,520025.498515434,200,NA,0.367170059093894,FALSE,"0.1.0","2026-10-07T06:57:38Z","linux-x86-64"
"overhead","dot","double","fast",100,"base",0.650994479656219,1242130.46402385,200,NA,1,FALSE,"0.1.0","2026-10-07T06:57:38Z","linux-x86-64"
"overhead","mul","complex","fast",100,"auto",4.62902244180441,195236.346693298,200,NA,0.0780122224178256,FALSE,"0.1.0","2026-10-07T06:57:38Z","linux-x86-64"
"overhead","mul","complex","fast",100,"base",0.361120328307152,2651394.4132009,200,NA,1,FALSE,"0.1.0","2026-10-07T06:57:38Z","linux-x86-64"
